MEG_3590,Drugs,Lipopeptides,Daptomycin-resistant_mutant,LIAFSR,Reg:W73C_AILKD_PEAKI
MEG_5326,Drugs,Fluoroquinolones,Fluoroquinolone-resistant_DNA_topoisomerases,PARC,Reg:S87R_HPHGD_SAYEA,Reg:E91G_DSSAY_AMVRM
MEG_5327,Drugs,Fluoroquinolones,Fluoroquinolone-resistant_DNA_topoisomerases,PARC,Reg:S82FY_HPHGD_SIYDA,Reg:D86H_DSSIY_AMVRM
MEG_3594,Drugs,Multi-drug_resistance,Multi-drug_ABC_efflux_pumps,LMRA,Reg:Q52P_PGGKE_LAIEA
MEG_5332,Drugs,Fluoroquinolones,Fluoroquinolone-resistant_DNA_topoisomerases,PARC,Reg:S129P_RLSKY_ELLLS,Reg:D111H_WGAPD_PKSFA,Reg:A85T_SACYE_MVLMA
MEG_5333,Drugs,Fluoroquinolones,Fluoroquinolone-resistant_DNA_topoisomerases,PARC,Reg:E84G_DSACY_AMVLM,Reg:S80I_HPHGD_ACYEA
MEG_4132,Drugs,Mycobacterium_tuberculosis-specific_Drug,Isoniazid-resistant_mutant,NDH,Reg:A115T_DSLII_AGAGQ,Reg:I17T_HKVVI_GSGFG,Reg:Y122N_GAGQS_FGNDH,Reg:R145C_DALEL_GRILG,Reg:F170S_AKLLT_TVVGA,Reg:A187P_MAGQI_ELADQ,Reg:V246A_QLGAM_TDVDR,Reg:V272E_ESACK_WSAGV,Reg:V300G_DRAGR_KVQPD,Reg:Q335H_AQGAI_GGRYA,Reg:Y361H_RTPFE_FDKGS,Reg:T29P_LTAAK_LKRAD,Reg:H46P_ARTTH_LFQPL,Reg:G84D_AQVLL_DVTHI,Reg:L100P_TVDSV_LGHTY
MEG_4131,Drugs,Mycobacterium_tuberculosis-specific_Drug,Isoniazid-resistant_mutant,NDH,Reg:R202W_LKGAF_HIDST,Reg:V329A_AAVEG_PGVAQ,Reg:L239P_ARLQK_GVEIQ,Reg:D366G_PFQYF_KGSMA
MEG_2968,Drugs,Sulfonamides,Sulfonamide-resistant_dihydropteroate_synthases,FOLP,Reg:V117I_HRMFQ_VAKYD,Reg:F266L_NARHN_S,Reg:V60L_HEM[VI][ST]_EEE[ML]N,Reg:F17L_VTPDS_SDGGK,Reg:E208K_KRFTK_MMGYD,Reg:M37I_RVKAM_DEGAD,Reg:I101M_KLGVD_INDQW,Reg:T51M_VGGVS_RPGHE,Reg:I58V_PGHEM_[ST][LV]EEE,Reg:T59S_GHEM[VI]_[LV]EEE[ML],Reg:V126I_YD[AS]EI_LMHNG,Reg:V30I_NVE[ST]A_[NT]RVKA,Reg:T31N_VE[ST]A[VI]_RVKAM,Reg:L64M_[ST][LV]EEE_NRVLP
MEG_1731,Drugs,Lipopeptides,Daptomycin-resistant_mutant,CLS,Reg:H215R_FRLNY_DHRKI,Reg:R267H_SLLQM_FLMDW,Reg:R218Q_NYHDH_KIVVI
MEG_4097,Drugs,Glycopeptides,Vancomycin-resistant_mutation,MURG,Reg:P107L_GFVSV_VVIAA
MEG_1732,Drugs,Lipopeptides,Daptomycin-resistant_mutant,CLS,Reg:R218Q_NYHDH_KIVVI,Reg:K59T_RGLTD_KKFYL,Reg:H215R_FRLNY_DHRKI,Reg:N13IT_ALYLL_ALIAL,Reg:A20D_LIALV_ILIKP,Reg:D27N_LIKPR_VAAIW,Reg:G178T_LYDAF_SHGTK,Reg:R267H_SLLQL_FLTDW
MEG_4094,Drugs,Fosfomycin,Fosfomycin_target_mutation,MURA,Reg:G257D_DIFVR_AIKEH,Reg:E291D_VRAEG_LQPVD,Reg:Q362R_LEGKS_LQGAQ,Reg:D278E_MGVEL_YQEDG,Reg:T396N_SVTEL_HLDRG,Reg:V65L_TLNAD_TYKKD,Non:L42*_DKPSK_VNVPA
MEG_4095,Drugs,Fosfomycin,Fosfomycin_target_mutation,MURA,Reg:D369N_QVMAT_LRASA,Reg:C115SED_SLPGG_TIGAR,Reg:L370I_VMATD_RASAS
MEG_2866,Drugs,Mycobacterium_tuberculosis-specific_Drug,Ethionamide-resistant_mutant,ETHA,Reg:G43CS_RESMG_TWDLF,Reg:E223K_RDGIA_KLNRW,Reg:I338S_LPADI_ITATG,Reg:T392A_TNASW_LKADL,Reg:G385D_MAYTV_YTNAS,Reg:T342K_IIITA_GLNLQ,Reg:D58A_IRSDS_MYTLG,Reg:P51L_DLFRY_GIRSD,Reg:D56A_PGIRS_SDMYT,Reg:Y84D_KPILE_VKSTA,Reg:T186K_IGSGA_AVTLV,Reg:R463S_NQNYL_DIRLI,Reg:G413D_YMDDN_FDTVV,Reg:A381P_GIPNM_YTVGY,Non:Y147*_NYDEG_SPRFA,Reg:H281P_YDVRK_FGPHY,Reg:N379D_LSGIP_MAYTV
MEG_413,Multi-compound,Drug_and_biocide_resistance,Drug_and_biocide_RND_efflux_regulator,ACRR,Reg:R45C_AAGVT_GAIYW
MEG_4092,Drugs,Fosfomycin,Fosfomycin_target_mutation,MURA,Reg:D116C_ALPGG_VIGKR
MEG_414,Multi-compound,Drug_and_biocide_resistance,Drug_and_biocide_RND_efflux_regulator,ACRR,Reg:V165I_TRRAA_LMRSY,Reg:Y114F_MMEII_HKCEF,Reg:M109I_ERRRL_MEIIY
MEG_1187,Multi-compound,Drug_and_biocide_resistance,Drug_and_biocide_RND_efflux_pumps,AXYZ,Reg:V29G_FLSKG_ASTTM
MEG_5359,Drugs,Fluoroquinolones,Fluoroquinolone-resistant_DNA_topoisomerases,PARC,Reg:E84G_DFSVY_AMVRL
MEG_1197,Drugs,Cationic_antimicrobial_peptides,Polymyxin_B_resistance_regulator,BASRS,Reg:L71R_LRHQG_LTPVL,Reg:L157Q_PREYA_LRLLL
MEG_6132,Drugs,Rifampin,Rifampin-resistant_beta-subunit_of_RNA_polymerase_RpoB,RPOB,Reg:H482RPDY_LAELT_KRRLS,Reg:S487L_HKRRL_ALGPG,Reg:Q469RKL_SSQLS_FMDQT
MEG_6118,Drugs,Rifampin,Rifampin-resistant_beta-subunit_of_RNA_polymerase_RpoB,RPOB,Reg:Q476KR_SSQLS_FMDQT,Reg:H489YQD_LGELT_KRRLS,Reg:S494L_HKRRL_ALGPG,Reg:V244I_EGLKD_YERLR,Reg:R492H_LTHKR_LSALG,Reg:V138FI_AERVI_SQLVR,Reg:D479YV_LSQFM_QTNPL,Reg:Q480H_SQFMD_TNPLG,Reg:G485DV_QTNPL_ELTHK
MEG_3144,Drugs,Fosfomycin,Fosfomycin_target_mutation,GLPT,Reg:E448K_EQLLQ_RNGG
MEG_2943,Drugs,Sulfonamides,Sulfonamide-resistant_dihydropteroate_synthases,FOLP,Reg:F28L_VTSDS_YDGGK,Reg:P64S_GESTK_GAPPV
MEG_6115,Drugs,Rifampin,Rifampin-resistant_beta-subunit_of_RNA_polymerase_RpoB,RPOB,Reg:H482RPDY_LAELT_KRRLS,Reg:S487L_HKRRL_ALGPG,Reg:Q469RKL_SSQLS_FMDQT
MEG_6114,Drugs,Rifampin,Rifampin-resistant_beta-subunit_of_RNA_polymerase_RpoB,RPOB,Reg:D531N_LSQFM_QVNPL,Reg:Q528LK_SSQLS_FMDQV,Reg:H541Y_LSGVT_KRRVS,Reg:S537F_QVNPL_GVTHK,Reg:R544H_VTHKR_VSALG
MEG_1730,Drugs,Lipopeptides,Daptomycin-resistant_mutant,CLS,Reg:L52F_AWLLV_VFLPL,Reg:T33N_LLFAF_IIFME,Reg:F60S_LPLFG_ILYLL,Reg:A23V_SIFIG_FILNL
MEG_4096,Drugs,Fosfomycin,Fosfomycin_target_mutation,MURA,Reg:C117D_ALPGG_AIGSR
MEG_1642,Drugs,Lipopeptides,Daptomycin-resistant_mutant,CDSA,Reg:D222N_AGQFG_LIESA
MEG_2572,Drugs,Trimethoprim,Dihydrofolate_reductase,DFRC,Reg:F98Y_GGQTL_EAMID
MEG_2573,Drugs,Trimethoprim,Dihydrofolate_reductase,DFRC,Reg:F98Y_GGQTL_EAMID
MEG_3234,Drugs,Fluoroquinolones,Fluoroquinolone-resistant_DNA_topoisomerases,GYRA,Reg:D87N_D[SY]AVY_TIVRM,Reg:S83FN_HPHGD_AVYDT
MEG_5363,Drugs,Fluoroquinolones,Fluoroquinolone-resistant_DNA_topoisomerases,PARC,Reg:S80IR_HPHGD_ACYEA,Reg:E84K_DSACY_AMVLM
MEG_3237,Drugs,Fluoroquinolones,Fluoroquinolone-resistant_DNA_topoisomerases,GYRA,Reg:A74S_SHAKS_RSVAE,Reg:D89VNG_YHPHG_ASIYD,Reg:R68G_GFRPD_SHAKS,Reg:G88AC_NYHPH_DASIY,Reg:D94HVYGAN_DASIY_SLVRM,Reg:S91P_PHGDA_IYDSL,Reg:A90VG_HPHGD_SIYDS,Reg:L109V_SLRYP_VDGQG
MEG_5362,Drugs,Fluoroquinolones,Fluoroquinolone-resistant_DNA_topoisomerases,PARC,Reg:E84G_DFSVY_AMVRL
MEG_3236,Drugs,Fluoroquinolones,Fluoroquinolone-resistant_DNA_topoisomerases,GYRA,Reg:S85P_PHGDL_IYEAM,Reg:E88AK_DLSIY_AMVRM,Reg:S84L_HPHGD_SIYEA
MEG_3239,Drugs,Fluoroquinolones,Fluoroquinolone-resistant_DNA_topoisomerases,GYRB,Reg:D464N_YVVEG_SAGGS,Reg:E504V_VLKNT_VQAII,Reg:N502D_DRVLK_TEVQA
MEG_3238,Drugs,Fluoroquinolones,Fluoroquinolone-resistant_DNA_topoisomerases,GYRB,Reg:E466D_MLSSQ_VATLI
MEG_7843,Drugs,Lipopeptides,Daptomycin-resistant_mutant,YYBT,Reg:I440S_FDKVV_IDHHR
MEG_3251,Drugs,Fluoroquinolones,Fluoroquinolone-resistant_DNA_topoisomerases,GYRC,Reg:S84F_HPHGD_ACYEA
MEG_5388,Drugs,Aminocoumarins,Aminocoumarin-resistant_DNA_topoisomerases,PARE,Reg:G78S_EDNGR_MPVDI,Reg:R136G_EVEVQ_QGNLY
MEG_5385,Drugs,Aminocoumarins,Aminocoumarin-resistant_DNA_topoisomerases,PARE,Reg:G78S_VQDHG_GMPTG,Reg:R136G_EVEIT_DGAVY
MEG_5384,Drugs,Aminocoumarins,Aminocoumarin-resistant_DNA_topoisomerases,PARE,Reg:P587S_LGEMN_EQLWE,Reg:D434HN_YLVEG_SAGGS
MEG_4057,Drugs,Lipopeptides,Daptomycin-resistant_mutant,MPRFD,Reg:T345KAI_ILVFF_SMIFF,Reg:T472K_IFIAG_LYALD,Reg:M347R_VFFTS_IFFVN,Reg:I420N_TYASY_LITWL,Reg:L826F_RKDNS_WESLS,Reg:P314L_SKYFI_AKDVT,Reg:S295L_ALILS_FEFGT,Reg:G61V_LFIGG_ASLVI,Reg:L341S_LSLAI_VFFTS,Reg:S337L_KIPSL_LAILV,Reg:F57S_SLVLL_IGGGA,Reg:V351E_SMIFF_NNLTI
MEG_5407,Drugs,betalactams,Penicillin_binding_protein,PBP2X,Reg:N514H_SLTRT_MILVG,Reg:M400T_SSNVG_TLLEQ,Reg:L546V_GQNVA_KSGTA,Reg:N605T_LGEFA_PILER,Reg:I371T_IADVT_RDWDV,Reg:R384G_SLTGG_MMTFS,Reg:M339F_EPGSP_KVMTL
MEG_2694,Drugs,Multi-drug_resistance,Multi-drug_ABC_efflux_pumps,EATAV,Reg:T450I_PAELY_WDEPL
MEG_2709,Drugs,Mycobacterium_tuberculosis-specific_Drug,Ethambutol_resistant_arabinosyltransferase,EMBA,Reg:D4N_MPH_GNERS,Reg:G350D_RRLGP_PGGLA,Reg:A462V_AVLAA_LSLIT,Reg:D833A_LPFGL_PARTP,Reg:G5S_MPHD_NERSH,Reg:P913S_LGQVF_IDIGP,Reg:A201T_ITTPG_LKKAV,Reg:G321S_AVSTA_VWMRL
MEG_2710,Drugs,Mycobacterium_tuberculosis-specific_Drug,Ethambutol_resistant_arabinosyltransferase,EMBB,Reg:P375A_LPRLG_AVEAS,Reg:D328GY_FGSPE_PFGWY,Reg:F330VS_SPEDP_GWYYN,Reg:G406ADCS_GLRPE_IIALG,Reg:L413P_IALGS_VTYVL,Reg:S297A_VIGAN_SDDGY,Reg:D299E_GANSS_DGYIL,Reg:M306LVIT_GYILG_ARVAD,Reg:D311H_MARVA_HAGYM,Reg:E504Q_LSTVL_ATRVR,Reg:R507G_VLEAT_VRAKI,Reg:D1024N_SAKKL_TDTWE,Reg:Y319CNS_GYMSN_FRWFG,Reg:Y333C_DPFGW_YNLLA,Reg:T630I_RMAFL_ALFFL,Reg:M1000R_PCQQP_LHANG,Reg:D959A_SLTPE_WIAVT,Reg:G745D_VRAFV_GCGLA,Reg:Q497KR_VVFAD_TLSTV,Reg:R471P_LVRRH_LVGTL,Reg:R469P_RILVR_HRLVG,Reg:I465D_RPMLR_LVRRH,Reg:R460C_LVAGG_PMLRI,Reg:P446H_TLGVQ_TGLIA,Reg:N399H_AWMPF_NGLRP,Reg:P397Q_LTAWM_FNNGL,Reg:S380R_PAVEA_KPAYW,Reg:E378A_LGPAV_ASKPA,Reg:L239P_IALWR_DQLDG,Reg:D240H_ALWRL_QLDGR,Reg:Y334H_PFGWY_NLLAL,Reg:A356V_RLPDL_AGLVC,Reg:A357S_LPDLA_GLVCW,Reg:E368A_LLLSR_VLPRL,Reg:S22C_LGAFA_ARGTR,Reg:N296H_HVIGA_SSDDG,Reg:A454T_LIAVA_LVAGG,Reg:L402V_PFNNG_RPEGI
MEG_2711,Drugs,Mycobacterium_tuberculosis-specific_Drug,Ethambutol_resistant_arabinosyltransferase,EMBB,Reg:Q998R_AFPCQ_PMLHA,Reg:T610K_AMAAL_TVLVS,Reg:F1012S_AEIPK_RITPD
MEG_6143,Drugs,Tetracyclines,Tetracycline_resistance_ribosomal_protection_proteins,RPSJ,Reg:V57LM_LRSPH_NKTSR
MEG_2712,Drugs,Mycobacterium_tuberculosis-specific_Drug,Ethambutol_resistant_arabinosyltransferase,EMBC,Reg:H285Y_VLVWW_FVGAN,Reg:R738Q_AWSVG_SNLQA,Reg:V287F_VWWHF_GANTS,Reg:G288WV_WWHFV_ANTSD,Reg:Y296HS_TSDDG_ILTMA,Reg:I297LT_SDDGY_LTMAR,Reg:M300R_GYILT_ARVSE,Reg:R302G_ILTMA_VSEHA,Reg:V303G_LTMAR_SEHAG,Reg:V981L_GAADP_FLDWL,Reg:T270I_ARWWS_GGLDT,Reg:P398S_DNGLR_EPIIA,Reg:Q491R_PIFRD_TFAGE,Reg:L502P_IQANL_KRAVG,Reg:G308D_VSEHA_YMANY,Reg:N394D_WLPLD_GLRPE,Reg:Y309N_SEHAG_MANYY,Reg:M310K_EHAGY_ANYYR,Reg:Y327N_APFGW_YDLLA,Reg:W326R_EAPFG_YYDLL,Reg:A247P_GAALV_LHILD,Reg:L251R_VALHI_DTADG,Reg:G325S_PEAPF_WYYDL,Reg:A254G_HILDT_DGMRH,Reg:A307T_RVSEH_GYMAN
MEG_6142,Drugs,Mycobacterium_tuberculosis-specific_Drug,Pyrazinamide-resistant_mutant,RPSA,Reg:D342N_VVAVG_DAMVK,Reg:D343N_VAVGD_AMVKV,Reg:A344P_AVGDD_MVKVI,Reg:I351F_VKVID_DLERR,Reg:E325K_LVHIS_LAERH,Reg:G341R_QVVAV_DDAMV,Reg:D123A_ALKEK_EAVKG,Reg:S324F_GLVHI_ELAER,Reg:A412V_FEKQR_EWEAR,Reg:A381V_AKYGM_DSYDE,Reg:A440T_FAAAE_AGRGA
MEG_2713,Drugs,Mycobacterium_tuberculosis-specific_Drug,Ethambutol_resistant_arabinosyltransferase,EMBR,Reg:Q379R_HEFTF_ISAGT,Reg:C110Y_IPDNT_DLGRF
MEG_2873,Biocides,Phenolic_compound_resistance,Triclosan-resistant_mutation,FABG,Reg:Y151V_GGQAN_AAAKA
MEG_2933,Drugs,Mycobacterium_tuberculosis-specific_Drug,Para-aminosalicylic_acid_resistant_mutant,FOLC,Reg:L56V_SALMD_LGSPQ,Reg:R49WP_DPSLT_ISALM,Reg:I43AST_WPETR_DPSLT,Reg:T20P_TGVVP_PDEIA,Reg:A420V_EALAL_AGERF,Reg:E153GA_AMSKF_VLTAM,Reg:S150CG_GGPAM_KFEVL,Reg:E40QG_DQRWP_TRIDP,Reg:R91W_VTALH_RTGRT
MEG_2934,Drugs,Sulfonamides,Sulfonamide-resistant_dihydropteroate_synthases,FOLP,Reg:F25I_VTPDS_SDGGS
MEG_2935,Drugs,Sulfonamides,Sulfonamide-resistant_dihydropteroate_synthases,FOLP,Reg:P55RLSTAH_GESTR_GAIRT,Reg:V48FAG_AAIVD_GGEST,Reg:R54G_GGEST_PGAIR,Reg:T53IAPN_VGGES_RPGAI
MEG_2937,Drugs,Sulfonamides,Sulfonamide-resistant_dihydropteroate_synthases,FOLP,Reg:N245K_AKLAS_Y[GE]AKY,Reg:D238N_SLRNL_LAKLA,Reg:L186F_KK[VI]LD_I[HY]EKN,Reg:F246Y_KLASK_[GE]AKYC
MEG_2938,Drugs,Sulfonamides,Sulfonamide-resistant_dihydropteroate_synthases,FOLP,Reg:F28L_VTPDS_SDGGK,Reg:P64S_GESTR_GASEV
MEG_3143,Drugs,Fosfomycin,Fosfomycin_target_mutation,GLPT,Reg:V213I_AAISY_LIRDT,Reg:W137R_FQGMG_PPSGR,Reg:F3I_MN_LKPAK,Reg:L27F_YKRLR_QVFLG,Reg:A100V_LVLGL_LTAIV,Reg:G352D_WLNPP_NAWLD,Non:W355*_PPGNA_LDNVS
MEG_2945,Drugs,Sulfonamides,Sulfonamide-resistant_dihydropteroate_synthases,FOLP,Reg:V117I_HRMFQ_VAKYD,Reg:F266L_NARHN_S,Reg:V60L_HEM[VI][ST]_EEE[ML]N,Reg:F17L_VTPDS_SDGGK,Reg:E208K_KRFTK_MMGYD,Reg:M37I_RVKAM_DEGAD,Reg:I101M_KLGVD_INDQW,Reg:T51M_VGGVS_RPGHE,Reg:I58V_PGHEM_[ST][LV]EEE,Reg:T59S_GHEM[VI]_[LV]EEE[ML],Reg:V126I_YD[AS]EI_LMHNG,Reg:V30I_NVE[ST]A_[NT]RVKA,Reg:T31N_VE[ST]A[VI]_RVKAM,Reg:L64M_[ST][LV]EEE_NRVLP
MEG_2947,Drugs,Sulfonamides,Sulfonamide-resistant_dihydropteroate_synthases,FOLP,Reg:F28L_VTSDS_YDGGK,Reg:P64S_GESTK_GAPPV
MEG_2948,Drugs,Sulfonamides,Sulfonamide-resistant_dihydropteroate_synthases,FOLP,Reg:P64S_GESTR_GAAEV,Reg:F28L_VTPDS_SDGG[AT]
MEG_6112,Drugs,Rifampin,Rifampin-resistant_beta-subunit_of_RNA_polymerase_RpoB,RPOB,Reg:H481N_LAELT_KRRLS,Reg:I953S_PDGRP_DIMLN,Reg:A477T_QANPL_ELTHK,Reg:L466S_FGSSQ_SQFMD,Reg:A1085V_VWALE_YGAAY,Reg:A621E_QVVSA_TACIP,Reg:Q468K_SSQLS_FMDQA,Reg:A473T_QFMDQ_NPLAE,Reg:Q465R_FFGSS_LSQFM
MEG_2949,Drugs,Sulfonamides,Sulfonamide-resistant_dihydropteroate_synthases,FOLP,Reg:V117I_HRMFQ_VAKYD,Reg:F266L_NARHN_S,Reg:V60L_HEM[VI][ST]_EEE[ML]N,Reg:F17L_VTPDS_SDGGK,Reg:E208K_KRFTK_MMGYD,Reg:M37I_RVKAM_DEGAD,Reg:I101M_KLGVD_INDQW,Reg:T51M_VGGVS_RPGHE,Reg:I58V_PGHEM_[ST][LV]EEE,Reg:T59S_GHEM[VI]_[LV]EEE[ML],Reg:V126I_YD[AS]EI_LMHNG,Reg:V30I_NVE[ST]A_[NT]RVKA,Reg:T31N_VE[ST]A[VI]_RVKAM,Reg:L64M_[ST][LV]EEE_NRVLP
MEG_2950,Drugs,Sulfonamides,Sulfonamide-resistant_dihydropteroate_synthases,FOLP,Reg:V117I_HRMFQ_VAKYD,Reg:F266L_NARHN_S,Reg:V60L_HEM[VI][ST]_EEE[ML]N,Reg:F17L_VTPDS_SDGGK,Reg:E208K_KRFTK_MMGYD,Reg:M37I_RVKAM_DEGAD,Reg:I101M_KLGVD_INDQW,Reg:T51M_VGGVS_RPGHE,Reg:I58V_PGHEM_[ST][LV]EEE,Reg:T59S_GHEM[VI]_[LV]EEE[ML],Reg:V126I_YD[AS]EI_LMHNG,Reg:V30I_NVE[ST]A_[NT]RVKA,Reg:T31N_VE[ST]A[VI]_RVKAM,Reg:L64M_[ST][LV]EEE_NRVLP
MEG_2951,Drugs,Sulfonamides,Sulfonamide-resistant_dihydropteroate_synthases,FOLP,Reg:V117I_HRMFQ_VAKYD,Reg:F266L_NARHN_S,Reg:V60L_HEM[VI][ST]_EEE[ML]N,Reg:F17L_VTPDS_SDGGK,Reg:E208K_KRFTK_MMGYD,Reg:M37I_RVKAM_DEGAD,Reg:I101M_KLGVD_INDQW,Reg:T51M_VGGVS_RPGHE,Reg:I58V_PGHEM_[ST][LV]EEE,Reg:T59S_GHEM[VI]_[LV]EEE[ML],Reg:V126I_YD[AS]EI_LMHNG,Reg:V30I_NVE[ST]A_[NT]RVKA,Reg:T31N_VE[ST]A[VI]_RVKAM,Reg:L64M_[ST][LV]EEE_NRVLP
MEG_6128,Drugs,Rifampin,Rifampin-resistant_beta-subunit_of_RNA_polymerase_RpoB,RPOB,Reg:H481N_LAELT_KRRLS,Reg:I953S_PDGRP_DIMLN,Reg:A477T_QANPL_ELTHK,Reg:L466S_FGSSQ_SQFMD,Reg:A1085V_VWALE_YGAAY,Reg:A621E_QVVSA_TACIP,Reg:Q468K_SSQLS_FMDQA,Reg:A473T_QFMDQ_NPLAE,Reg:Q465R_FFGSS_LSQFM
MEG_2955,Drugs,Sulfonamides,Sulfonamide-resistant_dihydropteroate_synthases,FOLP,Reg:P64S_GESTR_GAAEV,Reg:F28L_VTPDS_SDGG[AT]
MEG_2956,Drugs,Sulfonamides,Sulfonamide-resistant_dihydropteroate_synthases,FOLP,Reg:V117I_HRMFQ_VAKYD,Reg:F266L_NARHN_S,Reg:V60L_HEM[VI][ST]_EEE[ML]N,Reg:F17L_VTPDS_SDGGK,Reg:E208K_KRFTK_MMGYD,Reg:M37I_RVKAM_DEGAD,Reg:I101M_KLGVD_INDQW,Reg:T51M_VGGVS_RPGHE,Reg:I58V_PGHEM_[ST][LV]EEE,Reg:T59S_GHEM[VI]_[LV]EEE[ML],Reg:V126I_YD[AS]EI_LMHNG,Reg:V30I_NVE[ST]A_[NT]RVKA,Reg:T31N_VE[ST]A[VI]_RVKAM,Reg:L64M_[ST][LV]EEE_NRVLP
MEG_6125,Drugs,Rifampin,Rifampin-resistant_beta-subunit_of_RNA_polymerase_RpoB,RPOB,Reg:D542V_LSQFM_QTNPL,Reg:S557F_HKRRV_ALGPG,Reg:S548F_QTNPL_EVTHK,Reg:H552YRN_LSEVT_KRRVS
MEG_6124,Drugs,Rifampin,Rifampin-resistant_beta-subunit_of_RNA_polymerase_RpoB,RPOB,Reg:H481N_LAELT_KRRLS,Reg:I953S_PDGRP_DIMLN,Reg:A477T_QANPL_ELTHK,Reg:L466S_FGSSQ_SQFMD,Reg:A1085V_VWALE_YGAAY,Reg:A621E_QVVSA_TACIP,Reg:Q468K_SSQLS_FMDQA,Reg:A473T_QFMDQ_NPLAE,Reg:Q465R_FFGSS_LSQFM
MEG_2959,Drugs,Sulfonamides,Sulfonamide-resistant_dihydropteroate_synthases,FOLP,Reg:P64S_GESTR_GAAEV,Reg:F28L_VTPDS_SDGG[AT]
MEG_6137,Drugs,Lipopeptides,Daptomycin-resistant_beta-subunit_of_RNA_polymerase_RpoB,RPOBL,Reg:A621E_QVVSA_TACIP,Reg:I953S_PDGRP_DIMLN,Reg:A1085V_VWALE_YGAAY
MEG_2960,Drugs,Sulfonamides,Sulfonamide-resistant_dihydropteroate_synthases,FOLP,Reg:N245K_AKLAS_Y[GE]AKY,Reg:D238N_SLRNL_LAKLA,Reg:L186F_KK[VI]LD_I[HY]EKN,Reg:F246Y_KLASK_[GE]AKYC
MEG_6136,Drugs,Lipopeptides,Daptomycin-resistant_beta-subunit_of_RNA_polymerase_RpoB,RPOBL,Reg:H481N_LAELT_KRRLS,Reg:Q468K_SSQLS_FMDQA,Reg:A473T_QFMDQ_NPLAE,Reg:Q465R_FFGSS_LSQFM,Reg:L466S_FGSSQ_SQFMD,Reg:A477T_QANPL_ELTHK
MEG_2961,Drugs,Sulfonamides,Sulfonamide-resistant_dihydropteroate_synthases,FOLP,Reg:F28L_VTPDS_SDGGK,Reg:P64S_GESTR_GASEV
MEG_6135,Drugs,Rifampin,Rifampin-resistant_beta-subunit_of_RNA_polymerase_RpoB,RPOB,Reg:P564L_CPIET_EGPNI,Reg:L533P_RRISA_GPGGL,Reg:S531F_HKRRI_ALGPG,Reg:Q513PL_SSQLS_FMDQN,Reg:V146F_TERVI_SQLHR,Reg:R687H_GANMQ_QAVPT,Reg:H526Y_LSEIT_KRRIS,Reg:T563P_VCPIE_PEGPN,Reg:R529CS_ITHKR_ISALG
MEG_2962,Drugs,Sulfonamides,Sulfonamide-resistant_dihydropteroate_synthases,FOLP,Reg:V117I_HRMFQ_VAKYD,Reg:F266L_NARHN_S,Reg:V60L_HEM[VI][ST]_EEE[ML]N,Reg:F17L_VTPDS_SDGGK,Reg:E208K_KRFTK_MMGYD,Reg:M37I_RVKAM_DEGAD,Reg:I101M_KLGVD_INDQW,Reg:T51M_VGGVS_RPGHE,Reg:I58V_PGHEM_[ST][LV]EEE,Reg:T59S_GHEM[VI]_[LV]EEE[ML],Reg:V126I_YD[AS]EI_LMHNG,Reg:V30I_NVE[ST]A_[NT]RVKA,Reg:T31N_VE[ST]A[VI]_RVKAM,Reg:L64M_[ST][LV]EEE_NRVLP
MEG_6134,Drugs,Rifampin,Rifampin-resistant_beta-subunit_of_RNA_polymerase_RpoB,RPOB,Reg:S478A_RDVHP_HYGRM,Reg:A292V_PTKES_QTLLE,Reg:E487G_RMCPI_TPEGP,Reg:H451PQDYCRF_LSGLT_KRRLS,Reg:S447LQ_QNNPL_GLTHK,Reg:S437R_GTSQL_QFMDQ,Reg:L560V_VEPRV_VRRKA,Reg:E598D_MIPFL_HDDAN,Reg:D441HVTY_LSQFM_QNNPL,Reg:G432SD_IKEFF_TSQLS,Reg:L436PV_FGTSQ_SQFMD,Reg:L463R_LGPGG_SRERA,Reg:T433APHS_KEFFG_SQLSQ,Reg:T450I_PLSGL_HKRRL,Reg:F439L_SQLSQ_MDQNN,Reg:Q438K_TSQLS_FMDQN,Reg:I497F_PNIGL_GSLSV,Reg:K452N_SGLTH_RRLSA,Reg:L458P_RRLSA_GPGGL,Reg:R453HP_GLTHK_RLSAL,Reg:L496V_GPNIG_IGSLS,Reg:N444K_FMDQN_PLSGL,Reg:P489L_CPIET_EGPNI,Reg:S456LYWG_HKRRL_ALGPG,Reg:E466G_GGLSR_RAGLE,Reg:G448AW_NNPLS_LTHKR,Reg:F430L_AAIKE_FGTSQ,Reg:I486T_GRMCP_ETPEG,Reg:L446P_DQNNP_SGLTH
MEG_3065,Drugs,Fusidic_acid,Fusidic_acid-resistant_mutation,FUSA,Reg:F88L_PGHVD_TVEVE,Reg:Q115L_SGVEP_TETVW,Reg:P404QL_ESMEF_EPVIH,Reg:V407F_EFPEP_IHLSV,Reg:D434N_KLQEE_PTFHA,Reg:G451V_GQVII_GMGEL,Reg:R464SHLC_DILVD_MKKEF,Reg:A376V_SGDIA_AVGLK,Reg:G452CSV_QVIIG_MGELH,Reg:L461SFK_LHLDI_VDRMK,Reg:T436I_QEEDP_FHAHT,Reg:H457YQ_GMGEL_LDILV,Reg:V90IA_HVDFT_EVERS,Reg:L456F_GGMGE_HLDIL,Reg:P406L_MEFPE_VIHLS,Reg:M453I_VIIGG_GELHL,Mult:Reg:D189V_FKYTN_LGTEI;Reg:L430S_QALVK_QEEDP,Mult:Reg:F652S_PLSEM_GYATS;Reg:Y654N_SEMFG_ATSLR
MEG_6133,Drugs,Rifampin,Rifampin-resistant_beta-subunit_of_RNA_polymerase_RpoB,RPOB,Reg:H481N_LAELT_KRRLS,Reg:I953S_PDGRP_DIMLN,Reg:A477T_QANPL_ELTHK,Reg:L466S_FGSSQ_SQFMD,Reg:A1085V_VWALE_YGAAY,Reg:A621E_QVVSA_TACIP,Reg:Q468K_SSQLS_FMDQA,Reg:A473T_QFMDQ_NPLAE,Reg:Q465R_FFGSS_LSQFM
MEG_6131,Drugs,Rifampin,Rifampin-resistant_beta-subunit_of_RNA_polymerase_RpoB,RPOB,Reg:P544L_VSALG_GGLTR,Reg:D525YN_LSQFM_QNNPL,Reg:H535L_LSEIT_KRRVS
MEG_2966,Drugs,Sulfonamides,Sulfonamide-resistant_dihydropteroate_synthases,FOLP,Reg:P64S_GESTR_GAAEV,Reg:F28L_VTPDS_SDGG[AT]
MEG_6130,Drugs,Rifampin,Rifampin-resistant_beta-subunit_of_RNA_polymerase_RpoB,RPOB,Reg:P564L_CPIET_EGPNI,Reg:L533P_RRISA_GPGGL,Reg:S531F_HKRRI_ALGPG,Reg:Q513PL_SSQLS_FMDQN,Reg:V146F_TERVI_SQLHR,Reg:R687H_GANMQ_QAVPT,Reg:H526Y_LSEIT_KRRIS,Reg:T563P_VCPIE_PEGPN,Reg:R529CS_ITHKR_ISALG
MEG_4130,Drugs,Mycobacterium_tuberculosis-specific_Drug,Isoniazid-resistant_mutant,NDH,Reg:L50V_RTTHH_FQPLL,Reg:G339A_QGAIQ_AKYVA,Reg:V18A_RRHRV_IIGSG,Reg:G313R_DLSIP_YPNVF,Reg:A300P_VELDR_GRVQV,Reg:R268H_DGTVR_IESAC,Reg:T110A_GHTYQ_PYDSL,Reg:R13C_TAQPP_RHRVV
MEG_3199,Drugs,Fluoroquinolones,Fluoroquinolone-resistant_DNA_topoisomerases,GYRA,Reg:S85P_PHGDL_IYEAM,Reg:E88AK_DLSIY_AMVRM,Reg:S84L_HPHGD_SIYEA
MEG_2970,Drugs,Sulfonamides,Sulfonamide-resistant_dihydropteroate_synthases,FOLP,Reg:P55R_GESSR_GATRV,Reg:S53I_VGGES_RPGAT
MEG_6045,Drugs,Multi-drug_resistance,Multi-drug_RND_efflux_regulator,RAMR,Reg:K5E_MARP_SEDKK,Reg:I88N_ENARN_WNSYI,Reg:A16D_QALLE_ATAAF,Reg:G96D_SYIDW_VRNPM,Reg:T162I_SLAET_IEFAS,Reg:T43M_GVAEG_LFRYF,Reg:A19V_LEAAT_AFAQS
MEG_3198,Drugs,Fluoroquinolones,Fluoroquinolone-resistant_DNA_topoisomerases,GYRA,Reg:S80CIYF_HPHGD_SIYEA,Reg:E84KV_DSSIY_AMVRM
MEG_2971,Drugs,Sulfonamides,Sulfonamide-resistant_dihydropteroate_synthases,FOLP,Reg:P55R_GESSR_GATRV,Reg:S53I_VGGES_RPGAT
MEG_6046,Drugs,Multi-drug_resistance,Multi-drug_RND_efflux_regulator,RAMR,Reg:T18P_LLEAA_QAIAQ,Reg:Y59H_LINTL_LHLKQ,Reg:R46P_EGTLF_YFATK,Reg:M84I_TDAKM_TRFIW,Reg:T50P_FRYFA_KDELI,Reg:E160D_FLALA_TTMDF,Reg:G25A_AIAQS_IAAST
MEG_2972,Drugs,Sulfonamides,Sulfonamide-resistant_dihydropteroate_synthases,FOLP,Reg:P64S_GESTR_GAAEV,Reg:F28L_VTPDS_SDGG[AT]
MEG_3071,Drugs,Fusidic_acid,Fusidic_acid-resistant_mutation,FUSE,Reg:Q140L_GISKE_VGALA
MEG_3135,Drugs,Aminoglycosides,Aminoglycoside-resistant_gidB,GIDB,Reg:N51T_DRHLL_CAVIG,Reg:I55S_LNCAV_GELLE,Reg:D67H_GDRVV_IGSGA,Reg:E92A_QVVLL_PLLRR,Reg:S70R_VVDIG_GAGLP,Reg:G71V_VDIGS_AGLPG,Reg:Q127P_SWVQD_LGGSD,Reg:A138E_AAVSR_VAALD,Reg:A183TE_MIASG_VDVRV,Reg:L79FS_LPGVP_AIARP,Reg:G117E_VEIVR_RAEES,Reg:R47Q_GRLWD_HLLNC,Reg:W45CS_EVGRL_DRHLL,Reg:L49F_LWDRH_LNCAV,Reg:G164C_MLAIK_ERAHD,Reg:P84CL_LAIAR_DLQVV,Reg:V188MG_AVDVR_VTCGA,Reg:A134E_GGSDA_VSRAV,Reg:P75S_SGAGL_GVPLA,Reg:V124G_AEESW_QDQLG,Reg:G37V_ERGLV_PREVG,Reg:A200E_YLRPP_TVVFA,Reg:V139A_AVSRA_AALDK,Reg:G30R_ALAGP_VERGL,Reg:H48Y_RLWDR_LLNCA,Reg:W148R_DKLTK_SMPLI,Non:C52*_RHLLN_AVIGE
MEG_3229,Drugs,Fluoroquinolones,Fluoroquinolone-resistant_DNA_topoisomerases,GYRA,Reg:S85P_PHGDL_IYEAM,Reg:E88AK_DLSIY_AMVRM,Reg:S84L_HPHGD_SIYEA
MEG_3175,Drugs,Lipopeptides,Daptomycin-resistant_mutant,GSHF,Reg:E554K_LEDFT_ALRIA
MEG_3176,Drugs,Fluoroquinolones,Fluoroquinolone-resistant_DNA_topoisomerases,GYRA,Reg:G80N_KYHPH_DSSVY
MEG_3177,Drugs,Fluoroquinolones,Fluoroquinolone-resistant_DNA_topoisomerases,GYRA,Reg:D95GN_DSAVY_TIVRM,Reg:S91F_HPHGD_AVYDT
MEG_3178,Drugs,Fluoroquinolones,Fluoroquinolone-resistant_DNA_topoisomerases,GYRA,Reg:N57K_MNVLG_DWNKA,Reg:H80P_GKYHP_GDSAV
MEG_3225,Drugs,Fluoroquinolones,Fluoroquinolone-resistant_DNA_topoisomerases,GYRA,Reg:S80CIYF_HPHGD_SIYEA,Reg:E84KV_DSSIY_AMVRM
MEG_3179,Drugs,Fluoroquinolones,Fluoroquinolone-resistant_DNA_topoisomerases,GYRA,Reg:D90G_FHPHG_ASIYD,Reg:D95N_DASIY_ALVRM
MEG_3180,Drugs,Fluoroquinolones,Fluoroquinolone-resistant_DNA_topoisomerases,GYRA,Reg:D94NTVGAYH_DASIY_SLVRM,Reg:P102H_VRMAQ_WSLRY,Reg:T80A_RSVAE_MGNYH,Reg:A74S_SHAKS_RSVAE,Reg:D89VNG_YHPHG_ASIYD,Reg:G88CA_NYHPH_DASIY,Reg:A90VG_HPHGD_SIYDS,Reg:S91P_PHGDA_IYDSL
MEG_3181,Drugs,Fluoroquinolones,Fluoroquinolone-resistant_DNA_topoisomerases,GYRA,Reg:A91T_HPHGD_SIYDT
MEG_3182,Drugs,Fluoroquinolones,Fluoroquinolone-resistant_DNA_topoisomerases,GYRA,Reg:D105G_DSAIY_TLVRL,Reg:S101L_HPHGD_AIYDT
MEG_3183,Drugs,Fluoroquinolones,Fluoroquinolone-resistant_DNA_topoisomerases,GYRA,Reg:S81L_HPHGD_AVYET,Reg:G79C_KYHPH_DSAVY
MEG_3184,Drugs,Fluoroquinolones,Fluoroquinolone-resistant_DNA_topoisomerases,GYRA,Reg:S84Y_HPHGD_AVYDT
MEG_3185,Drugs,Fluoroquinolones,Fluoroquinolone-resistant_DNA_topoisomerases,GYRA,Reg:M95I_HPHGD_AIYDT,Reg:G93C_KFHPH_DMAIY
MEG_3186,Drugs,Fluoroquinolones,Fluoroquinolone-resistant_DNA_topoisomerases,GYRA,Reg:S85P_PHGDS_IYEAM,Reg:E88KA_DSSIY_AMVRM,Reg:S84L_HPHGD_SIYEA
MEG_3187,Drugs,Fluoroquinolones,Fluoroquinolone-resistant_DNA_topoisomerases,GYRA,Reg:A67S_AYKKS_RVVGD,Reg:A84P_PHGDS_VYDTI,Reg:S83LWI_HPHGD_AVYDT,Reg:D87VYHGN_DSAVY_TIVRM,Reg:Q106H_MLVDG_GNFGS,Reg:G81C_KYHPH_DSAVY
MEG_3189,Drugs,Fluoroquinolones,Fluoroquinolone-resistant_DNA_topoisomerases,GYRA,Reg:D87N_D[SY]AVY_TIVRM,Reg:S83FN_HPHGD_AVYDT
MEG_3587,Drugs,Lipopeptides,Daptomycin-resistant_mutant,LIAFSR,Reg:A180T_MMMLS_LNEQA
MEG_3190,Drugs,Fluoroquinolones,Fluoroquinolone-resistant_DNA_topoisomerases,GYRA,Reg:S86IK_HPHGD_AVYDA,Reg:D90N_DTAVY_ALVRM
MEG_3586,Drugs,Lipopeptides,Daptomycin-resistant_mutant,LIAFSR,Reg:D192N_ILAKL_VDDRT
MEG_3191,Drugs,Fluoroquinolones,Fluoroquinolone-resistant_DNA_topoisomerases,GYRA,Reg:S85P_PHGDL_IYEAM,Reg:E88AK_DLSIY_AMVRM,Reg:S84L_HPHGD_SIYEA
MEG_3192,Drugs,Fluoroquinolones,Fluoroquinolone-resistant_DNA_topoisomerases,GYRA,Reg:A84P_PHGD[SL]_VYETI,Reg:G81VD_KYHPH_D[SL]AVY,Reg:S83L_HPHGD_AVYET
MEG_3193,Drugs,Fluoroquinolones,Fluoroquinolone-resistant_DNA_topoisomerases,GYRA,Reg:A84P_PHGD[SL]_VYETI,Reg:G81VD_KYHPH_D[SL]AVY,Reg:S83L_HPHGD_AVYET
MEG_3194,Drugs,Fluoroquinolones,Fluoroquinolone-resistant_DNA_topoisomerases,GYRA,Reg:V120L_D[TF]AVY_TIVRM,Reg:D95N_D[TF]AVY_TIVRM,Reg:S91YF_HPHGD_AVY[GD]T
MEG_5354,Drugs,Fluoroquinolones,Fluoroquinolone-resistant_DNA_topoisomerases,PARC,Reg:E84G_DFSVY_AMVRL
MEG_5355,Drugs,Fluoroquinolones,Fluoroquinolone-resistant_DNA_topoisomerases,PARC,Reg:E84G_DFSVY_AMVRL
MEG_3201,Drugs,Fluoroquinolones,Fluoroquinolone-resistant_DNA_topoisomerases,GYRA,Reg:D87N_D[SY]AVY_TIVRM,Reg:S83FN_HPHGD_AVYDT
MEG_5356,Drugs,Fluoroquinolones,Fluoroquinolone-resistant_DNA_topoisomerases,PARC,Reg:D83H_DSSIY_AMVRM,Reg:S80W_PHGDS_IYDAM
MEG_3202,Drugs,Fluoroquinolones,Fluoroquinolone-resistant_DNA_topoisomerases,GYRA,Reg:T83IK_HPHGD_AVYDT
MEG_7309,Drugs,Elfamycins,EF-Tu_inhibition,TUFAB,Reg:Q329H_FKGYR_QFYFR,Reg:G257A_AKSTC_GVEMF,Reg:T334A_PQFYF_TTDVT,Reg:G316D_ILSKD_GGRHT,Reg:G275A_RAGEN_GVLLR,Reg:Q124EKR_HILLG_QVGVP,Reg:R333C_RPQFY_RTTDV,Reg:E378K_LRFAI_EGGRT,Reg:L120Q_QTREH_LLGRQ,Reg:A375VTS_DEGLR_AIREG,Reg:R230VC_GTVVT_RVERG,Reg:R233SF_VTGRV_RGIIK,Reg:Y160CND_RELLS_YDFPG
MEG_5350,Drugs,Fluoroquinolones,Fluoroquinolone-resistant_DNA_topoisomerases,PARC,Reg:S80FYL_HPHGD_ACYEA,Reg:E84V_G[SL]ACY_AMVLM
MEG_7308,Drugs,Elfamycins,EF-Tu_inhibition,TUFAB,Reg:A375VTS_AMDEG_RFAIR,Reg:L120Q_QTREH_LLSRQ,Reg:T334A_YRPQF_FRTTD,Reg:G316D_VYVLS_EEGGR,Reg:R333C_GYRPQ_YFRTT,Reg:E378K_EGLRF_IREGG,Reg:Q329H_PFFNG_RPQFY,Reg:R230VC_GRGTV_TGRVE,Reg:R233SF_TVVTG_VESGI,Reg:G275A_EGRAG_NVGVL,Reg:G257A_DTQKT_CTGVE,Reg:Q124EKR_HILLS_QVGVP,Reg:Y160CND_RDLLS_YDFPG
MEG_3205,Drugs,Fluoroquinolones,Fluoroquinolone-resistant_DNA_topoisomerases,GYRA,Reg:D87N_D[SY]AVY_TIVRM,Reg:S83FN_HPHGD_AVYDT
MEG_5352,Drugs,Fluoroquinolones,Fluoroquinolone-resistant_DNA_topoisomerases,PARC,Reg:S80FYL_HPHGD_ACYEA,Reg:E84V_G[SL]ACY_AMVLM
MEG_5353,Drugs,Fluoroquinolones,Fluoroquinolone-resistant_DNA_topoisomerases,PARC,Reg:S80IR_HPHGD_ACYEA,Reg:E84K_DSACY_AMVLM
MEG_3207,Drugs,Fluoroquinolones,Fluoroquinolone-resistant_DNA_topoisomerases,GYRA,Reg:S85P_PHGDL_IYEAM,Reg:E88AK_DLSIY_AMVRM,Reg:S84L_HPHGD_SIYEA
MEG_7305,Drugs,Elfamycins,EF-Tu_inhibition,TUFAB,Reg:G261S_TTTVT_IEMFN,Reg:V295C_VERGQ_IIKPG,Reg:G279A_AGDNA_LLLRG,Reg:V278A_HAGDN_ALLLR
MEG_4296,Drugs,betalactams,Mutant_porin_proteins,OPRD,Non:Q142*_KWGEM_PTAPV
MEG_7304,Drugs,Elfamycins,EF-Tu_inhibition,TUFAB,Reg:G261E_KVVVT_VEMFR
MEG_3209,Drugs,Fluoroquinolones,Fluoroquinolone-resistant_DNA_topoisomerases,GYRA,Reg:T83IK_HPHGD_AVYDT
MEG_5344,Drugs,Fluoroquinolones,Fluoroquinolone-resistant_DNA_topoisomerases,PARC,Reg:E84G_DFSVY_AMVRL
MEG_5345,Drugs,Fluoroquinolones,Fluoroquinolone-resistant_DNA_topoisomerases,PARC,Reg:E84G_DFSVY_AMVRL
MEG_3211,Drugs,Fluoroquinolones,Fluoroquinolone-resistant_DNA_topoisomerases,GYRA,Reg:A85P_PHGDS_VYESM,Reg:S84LAIFV_HPHGD_AVYES,Reg:E88KAGVQ_DSAVY_SMVRM
MEG_3212,Drugs,Fluoroquinolones,Fluoroquinolone-resistant_DNA_topoisomerases,GYRA,Reg:D87N_D[SY]AVY_TIVRM,Reg:S83FN_HPHGD_AVYDT
MEG_5347,Drugs,Fluoroquinolones,Fluoroquinolone-resistant_DNA_topoisomerases,PARC,Reg:E84V_DSACY_AMVLM,Reg:S80FYL_HPHGD_ACYEA
MEG_5340,Drugs,Fluoroquinolones,Fluoroquinolone-resistant_DNA_topoisomerases,PARC,Reg:D83H_DSSIY_AMVRM,Reg:S80W_PHGDS_IYDAM
MEG_3831,Drugs,Lipopeptides,Lysocin-resistant_mutant,MENA,Reg:G33D_VPVLV_TAASK
MEG_3215,Drugs,Fluoroquinolones,Fluoroquinolone-resistant_DNA_topoisomerases,GYRA,Reg:A84P_PHGD[SL]_VYETI,Reg:G81VD_KYHPH_D[SL]AVY,Reg:S83L_HPHGD_AVYET
MEG_5342,Drugs,Fluoroquinolones,Fluoroquinolone-resistant_DNA_topoisomerases,PARC,Reg:S80IR_HPHGD_ACYEA,Reg:E84K_DSACY_AMVLM
MEG_3217,Drugs,Fluoroquinolones,Fluoroquinolone-resistant_DNA_topoisomerases,GYRA,Reg:V120L_D[TF]AVY_TIVRM,Reg:D95N_D[TF]AVY_TIVRM,Reg:S91YF_HPHGD_AVY[GD]T
MEG_3218,Drugs,Fluoroquinolones,Fluoroquinolone-resistant_DNA_topoisomerases,GYRA,Reg:S86IK_HPHGD_AVYDA,Reg:D90N_DTAVY_ALVRM
MEG_3220,Drugs,Fluoroquinolones,Fluoroquinolone-resistant_DNA_topoisomerases,GYRA,Reg:D87N_D[SY]AVY_TIVRM,Reg:S83FN_HPHGD_AVYDT
MEG_3445,Drugs,Mycobacterium_tuberculosis-specific_Drug,Isoniazid-resistant_mutant,KASA,Reg:R121K_LGGAE_IVESY,Reg:G387D_LDVVA_EPRYG,Reg:D66N_GGHLK_PVDSH,Reg:F413L_NVALA_GRY,Reg:G269S_RLLGA_ITSDA,Reg:G312S_HVNAH_TATPI
MEG_3221,Drugs,Fluoroquinolones,Fluoroquinolone-resistant_DNA_topoisomerases,GYRA,Reg:S85P_PHGDL_IYEAM,Reg:E88AK_DLSIY_AMVRM,Reg:S84L_HPHGD_SIYEA
MEG_3446,Drugs,Mycobacterium_tuberculosis-specific_Drug,Isoniazid-resistant_mutant,KATG,Reg:R418L_YKLIH_DMGPV,Reg:W328FG_NTPTK_DNSFL,Reg:W321F_GIEVV_TNTPT,Reg:T275VP_HTFGK_HGAGP,Reg:M255YIC_ETFRR_AMNDV,Reg:W107FR_FIRMA_HAAGT,Reg:V473NGYWFSMRKID_TVSQL_STAWA,Reg:L472IQK_LTVSQ_VSTAW,Reg:Q471HY_GLTVS_LVSTA,Reg:L436G_VPKQT_LWQDP,Reg:T435R_LVPKQ_LLWQD,Reg:L430V_RYLGP_VPKQT,Reg:L427I_PVARY_GPLVP,Reg:D311SN_TGTGK_AITSG,Reg:S303CL_LGWKS_YGTGT,Reg:S315INTRG_KDAIT_GIEVV,Reg:M126I_GAGGG_QRFAP,Reg:V68G_DYAAE_ATIDV,Reg:P131QRT_MQRFA_LNSWP,Reg:R128Q_GGGMQ_FAPLN,Reg:L101P_GHYGP_FIRMA,Reg:R463L_LKSQI_ASGLT,Reg:W91R_TSQPW_PADYG,Reg:A350S_KSPAG_WQYTA,Reg:Y337C_FLEIL_GYEWE,Reg:T262R_MNDVE_AALIV,Reg:W300G_QMGLG_KSSYG,Reg:Y229F_QMGLI_VNPEG,Reg:N138SD_NSWPD_ASLDK,Reg:H108QE_IRMAW_AAGTY,Reg:R104L_GPLFI_MAWHA,Reg:G33V_YPVEG_GNQDW,Reg:G111S_AWHAA_TYRIH,Reg:H417Q_WYKLI_RDMGP,Reg:E607A_NPLPA_YMLLD,Reg:Q461P_ASLKS_IRASG,Reg:G125S_GGAGG_MQRFA,Reg:N508D_VGWEV_DPDGD,Reg:L147P_DKARR_LWPVK,Reg:N660D_NDFFV_LLDMG,Reg:A312P_GTGKD_ITSGI,Reg:S383P_LATDL_LRVDP,Reg:H97R_PADYG_YGPLF,Reg:R489S_RGSDK_GGANG,Reg:M420T_LIHRD_GPVAR,Reg:D387HG_LSLRV_PIYER,Reg:G123E_GRGGA_GGMQR,Reg:G299SW_EQMGL_WKSSY,Reg:D419H_KLIHR_MGPVA,Reg:M176T_CALES_GFKTF,Reg:R632C_LVGGL_VLGAN,Reg:D542H_KVSFA_LVVLG,Reg:Y64S_GAAFD_AAEVA,Reg:Y95C_WWPAD_GHYGP,Reg:A139PV_SWPDN_SLDKA,Reg:D142G_DNASL_KARRL,Reg:A162V_KKLSW_DLIVF,Reg:G269DR_ALIVG_HTFGK,Reg:T306P_KSSYG_GTGKD,Reg:R385W_TDLSL_VDPIY,Reg:T394M_IYERI_RRWLE,Reg:Q439P_QTLLW_DPVPA,Reg:F483L_AAASS_RGSDK,Reg:A541D_IKVSF_DLVVL,Reg:G32D_KYPVE_GGNQD,Reg:V47E_RLNLK_LHQNP,Reg:D194GY_DQWEP_EVYWG,Reg:A256T_TFRRM_MNDVE,Reg:T667P_LDMGI_WEPSP,Reg:M624V_LSAPE_TVLVG,Reg:A716P_YGADD_QPKFV,Reg:I335T_NSFLE_LYGYE,Reg:Q127PE_AGGGM_RFAPL,Reg:Q352E_PAGAW_YTAKD,Reg:Y98C_ADYGH_GPLFI,Reg:A379T_SPTML_TDLSL,Reg:S17TN_TTGAA_NGCPV,Reg:A93T_QPWWP_DYGHY,Reg:D37E_GGGNQ_WWPNR,Reg:A110V_MAWHA_GTYRI,Reg:H276M_TFGKT_GAGPA,Reg:Q295H_AAPLE_MGLGW,Reg:G19D_GAASN_CPVVG,Reg:Q224E_PLAAV_MGLIY,Reg:A243S_NPDPM_AAVDI,Reg:A550D_VLGGC_AIEKA,Reg:P2S_M_EQHPP,Reg:S140N_WPDNA_LDKAR,Reg:G279D_KTHGA_PADLV,Reg:G285D_PADLV_PEPEA,Reg:G316D_DAITS_IEVVW,Reg:S457I_EAEIA_LKSQI,Reg:G593D_EPKAD_FRNYL,Reg:D63E_MGAAF_YAAEV,Reg:N133T_RFAPL_SWPDN,Reg:P232S_LIYVN_EGPNG,Reg:D735N_KVMNL_RFDVR,Reg:G629S_MTVLV_GLRVL,Reg:L587M_ESFAV_EPKAD,Non:Y304*_GWKSS_GTGTG,Non:W91*_TSQPW_PADYG,Non:E506*_PQVGW_VNDPD,Non:E454*_LVGEA_IASLK,Reg:I317V_AITSG_EVVWT,Reg:W191R_GRVDQ_EPDEV,Mult:Reg:G279V_KTHGA_PADLV;Reg:L436P_VPKQT_LWQDP,Mult:Reg:V431A_YLGPL_PKQTL;Reg:G490S_GSDKR_GANGG,Mult:Reg:N596S_ADGFR_YLGKG;Reg:Y597H_DGFRN_LGKGN
MEG_3222,Drugs,Fluoroquinolones,Fluoroquinolone-resistant_DNA_topoisomerases,GYRA,Reg:S85P_PHGDL_IYEAM,Reg:E88AK_DLSIY_AMVRM,Reg:S84L_HPHGD_SIYEA
MEG_3223,Drugs,Fluoroquinolones,Fluoroquinolone-resistant_DNA_topoisomerases,GYRA,Reg:S85P_PHGDL_IYEAM,Reg:E88AK_DLSIY_AMVRM,Reg:S84L_HPHGD_SIYEA
MEG_3227,Drugs,Fluoroquinolones,Fluoroquinolone-resistant_DNA_topoisomerases,GYRA,Reg:D87N_D[SY]AVY_TIVRM,Reg:S83FN_HPHGD_AVYDT
MEG_3228,Drugs,Fluoroquinolones,Fluoroquinolone-resistant_DNA_topoisomerases,GYRA,Reg:A84P_PHGD[SL]_VYETI,Reg:G81VD_KYHPH_D[SL]AVY,Reg:S83L_HPHGD_AVYET
MEG_3230,Drugs,Fluoroquinolones,Fluoroquinolone-resistant_DNA_topoisomerases,GYRA,Reg:S85P_PHGDL_IYEAM,Reg:E88AK_DLSIY_AMVRM,Reg:S84L_HPHGD_SIYEA
MEG_5365,Drugs,Aminocoumarins,Aminocoumarin-resistant_DNA_topoisomerases,PARE,Reg:G78S_IDDGR_MPVDI,Reg:R136G_EV[NT]V[KR]_DGQ[IV]Y
MEG_5366,Drugs,Aminocoumarins,Aminocoumarin-resistant_DNA_topoisomerases,PARE,Reg:P587S_LGEMN_EQLWE,Reg:D434HN_YLVEG_SAGGS
MEG_3232,Drugs,Fluoroquinolones,Fluoroquinolone-resistant_DNA_topoisomerases,GYRA,Reg:A84P_PHGD[SL]_VYETI,Reg:G81VD_KYHPH_D[SL]AVY,Reg:S83L_HPHGD_AVYET
MEG_5367,Drugs,Aminocoumarins,Aminocoumarin-resistant_DNA_topoisomerases,PARE,Reg:G78S_EDNGR_MPVDI,Reg:R136G_EVEVQ_QGNLY
MEG_3233,Drugs,Fluoroquinolones,Fluoroquinolone-resistant_DNA_topoisomerases,GYRA,Reg:S85P_PHGDL_IYEAM,Reg:E88AK_DLSIY_AMVRM,Reg:S84L_HPHGD_SIYEA
MEG_5361,Drugs,Fluoroquinolones,Fluoroquinolone-resistant_DNA_topoisomerases,PARC,Reg:S80IR_HPHGD_ACYEA,Reg:E84K_DSACY_AMVLM
MEG_3235,Drugs,Fluoroquinolones,Fluoroquinolone-resistant_DNA_topoisomerases,GYRA,Reg:A85P_PHGDS_VYESM,Reg:S84LAIFV_HPHGD_AVYES,Reg:E88KAGVQ_DSAVY_SMVRM
MEG_3240,Drugs,Fluoroquinolones,Fluoroquinolone-resistant_DNA_topoisomerases,GYRB,Reg:P462S_FQAIL_LRGKI,Reg:E502Q_PEFNI_KLRYS
MEG_3241,Drugs,Fluoroquinolones,Fluoroquinolone-resistant_DNA_topoisomerases,GYRB,Reg:D409N_PGKLA_CAEKD,Reg:R457T_NVEKS_LDRIL,Reg:D465Y_RILSS_EIKNM,Reg:R447LK_AILPL_GKILN,Reg:E466VK_ILSSD_IKNMI,Reg:S416A_AEKDP_KSEIF,Reg:D426VN_FLVEG_SAGGS,Reg:S366VA_LEENP_TARII,Reg:L444F_NSQAI_PLRGK,Reg:S464T_DRILS_DEIKN,Reg:I139R_YLNGK_YKQTY,Reg:V130I_LSKWM_AEVYL,Reg:V423F_SEIFL_EGDSA,Reg:R377G_VDKAL_AQRAR,Reg:R389P_AAKKA_ELTRR,Reg:E399K_RKSVL_STSLP
MEG_3242,Drugs,Fluoroquinolones,Fluoroquinolone-resistant_DNA_topoisomerases,GYRB,Reg:S464YA_DKMLA_QEVAT
MEG_3243,Drugs,Fluoroquinolones,Fluoroquinolone-resistant_DNA_topoisomerases,GYRB,Reg:N538DK_DRVLK_TEVQA,Reg:E540VD_VLKNT_VQAII,Reg:T539PN_RVLKN_EVQAI,Reg:V340L_GYSES_HTFAN,Reg:D500H_YVVEG_SAGGS,Mult:Reg:R485C_KLADC_STDPR;Reg:T546M_VQAII_ALGTG,Mult:Reg:N538T_DRVLK_TEVQA;Reg:T546M_VQAII_ALGTG
MEG_3244,Drugs,Aminocoumarins,Aminocoumarin-resistant_DNA_topoisomerases,GYRBA,Reg:R136HSLEIGC_ELVIQ_EGKIH
MEG_5399,Drugs,betalactams,Penicillin_binding_protein,PBP1A,Reg:N609D_TPLVG_GLTVA,Reg:S575T_NHIKT_QFVAP
MEG_3245,Drugs,Aminocoumarins,Aminocoumarin-resistant_DNA_topoisomerases,GYRBA,Reg:R143SI_EVYVH_NETIY,Reg:I55S_IVDNS_DEALA,Reg:T172A_TDKTG_VIRFK,Reg:I101S_PAVEV_LTVLH,Reg:S128L_HGVGS_VVNAL,Reg:G84S_TDNGR_IPVDI
MEG_3246,Drugs,Aminocoumarins,Aminocoumarin-resistant_DNA_topoisomerases,GYRBA,Reg:T214IA_YNRRG_RVCFH,Reg:R184Q_EVEVA_ERKLY,Reg:G124S_TDNGR_IPIEN
MEG_5783,Multi-compound,Drug_and_biocide_resistance,Drug_and_biocide_ABC_efflux_regulator,PHOB,Reg:D191Y_ESHTI_VLMGR
MEG_5394,Drugs,Fluoroquinolones,Fluoroquinolone-resistant_DNA_topoisomerases,PAREF,Reg:D476N_DPDSD_LSQLR
MEG_5395,Drugs,Fluoroquinolones,Fluoroquinolone-resistant_DNA_topoisomerases,PAREF,Reg:D434HN_YLVEG_SAGGS,Reg:P587S_LGEMN_EQLWE
MEG_3296,Drugs,Mupirocin,Mupirocin-resistant_isoleucyl-tRNA_synthetase,ILES,Reg:V588F_LSHGF_MDGEG,Reg:V631F_DYLAD_RISDE
MEG_3429,Drugs,Mycobacterium_tuberculosis-specific_Drug,Isoniazid-resistant_mutant,INHA,Reg:S94A_DGVVH_IGFMP,Reg:I16T_LVSGI_TDSSI,Reg:I194T_VAAGP_RTLAM,Reg:I47T_DRLRL_QRITD,Reg:I21TV_ITDSS_AFHIA,Reg:I95P_GVVHS_GFMPQ,Reg:G141E_PIMNP_GSIVG,Reg:V78A_SLAGR_TEAIG,Reg:T162S_AYNWM_VAKSA
MEG_7258,Drugs,Aminoglycosides,Aminoglycoside-resistant_arabinosyltransferase,TLYA,Reg:F185L_LVKPQ_EVGKG,Reg:E238K_PSGNV_YFLWL,Reg:V128E_RNDPR_VVLER,Reg:A67E_WVSRG_HKLVG,Reg:L150P_GGRVD_VVADL,Reg:A91E_CLDAG_STGGF,Reg:L118P_VGYGQ_AWSLR,Reg:P183L_VPLVK_QFEVG,Reg:K69E_SRGAH_LVGAL,Reg:R14W_AELVR_GLARS,Reg:N236K_PGPSG_VEYFL,Non:Q22*_ARSRQ_AAELI,Non:R18*_RRGLA_SRQQA,Non:R3*_MA_RARVD,Non:Q184*_PLVKP_FEVGK
MEG_3430,Drugs,Mycobacterium_tuberculosis-specific_Drug,Ethambutol-resistant_mutant,INIA,Reg:P3A_MV_AGLCA,Reg:S501W_MIGML_SVVGL,Reg:G308R_ERVRA_VLGEI,Reg:R537H_RLLRV_SEAKA
MEG_7259,Drugs,Aminoglycosides,Aminoglycoside-resistant_arabinosyltransferase,TLYA,Reg:Y319D_GYMSN_FRWFG,Reg:Y333H_DPFGW_YNLLA
MEG_3431,Drugs,Mycobacterium_tuberculosis-specific_Drug,Ethambutol-resistant_mutant,INIB,Reg:A47T_ISSVA_NVVPG
MEG_3432,Drugs,Mycobacterium_tuberculosis-specific_Drug,Ethambutol-resistant_mutant,INIC,Reg:W83G_TRIVT_FRHGP,Reg:P248A_CQAVV_VSGLL,Non:Q351*_RNVID_QFAQR
MEG_3588,Drugs,Lipopeptides,Daptomycin-resistant_mutant,LIAFSR,Reg:T194I_LLEHS_FYGTV
MEG_3589,Drugs,Lipopeptides,Daptomycin-resistant_mutant,LIAFSR,Reg:E192G_KSETP_MFRKQ,Reg:A180T_MMMMS_LTEQA,Reg:H264Q_SSIED_LFRIV,Reg:T120A_IDKEI_KIKEK
MEG_3591,Drugs,Lipopeptides,Daptomycin-resistant_mutant,LIAFSR,Reg:L39F_IFGIF_IYLAM,Reg:I144T_YEWDD_NIAII
MEG_7316,Drugs,Elfamycins,EF-Tu_inhibition,TUFAB,Reg:Q329H_FKGYR_QFYFR,Reg:G257A_AKSTC_GVEMF,Reg:T334A_PQFYF_TTDVT,Reg:G316D_ILSKD_GGRHT,Reg:G275A_RAGEN_GVLLR,Reg:Q124EKR_HILLG_QVGVP,Reg:R333C_RPQFY_RTTDV,Reg:E378K_LRFAI_EGGRT,Reg:L120Q_QTREH_LLGRQ,Reg:A375VTS_DEGLR_AIREG,Reg:R230VC_GTVVT_RVERG,Reg:R233SF_VTGRV_RGIIK,Reg:Y160CND_RELLS_YDFPG
MEG_3626,Drugs,Lipopeptides,Colistin-resistant_mutant,LPXA,Reg:Q72K_VGEVC_DLKYK,Reg:H159D_GNSGI_QFCKI,Reg:G68D_QFASV_EVCQD
MEG_7317,Drugs,Elfamycins,EF-Tu_inhibition,TUFAB,Reg:R233SF_VTGRV_RGIIK,Reg:R230VC_GTVVT_RVERG,Reg:R333C_RPQFY_RTTDV,Reg:Q124EKR_HILLG_QVGVP,Reg:G257A_AKTTC_GVEMF,Reg:T334A_PQFYF_TTDVT,Reg:A375VTS_DDGLR_AIREG,Reg:Q329H_FKGYR_QFYFR,Reg:G316D_ILSKD_GGRHT,Reg:Y160CND_RELLS_YDFPG,Reg:G275A_RAGEN_GVLLR,Reg:L120Q_QTREH_LLGRQ
MEG_3627,Drugs,Lipopeptides,Colistin-resistant_mutant,LPXC,Reg:P30L_MINFI_HTVDG
MEG_5369,Drugs,Aminocoumarins,Aminocoumarin-resistant_DNA_topoisomerases,PARE,Reg:G78S_VEDDG_GMPVD
MEG_5368,Drugs,Aminocoumarins,Aminocoumarin-resistant_DNA_topoisomerases,PARE,Reg:G78S_EDNGR_MPVDI,Reg:R136G_EVEVQ_QGNLY
MEG_6138,Drugs,Glycopeptides,Vancomycin-resistant_mutation,RPOC,Reg:D245Y_PMVQL_GGRFA
MEG_6139,Drugs,Lipopeptides,Daptomycin-resistant_beta-subunit_of_RNA_polymerase_RpoC,RPOCL,Reg:Q961K_GLPRI_EIFEA,Reg:F632S_IIAEV_NRFSI
MEG_6126,Drugs,Rifampin,Rifampin-resistant_beta-subunit_of_RNA_polymerase_RpoB,RPOB,Reg:S482P_EFFGS_QLSQF,Reg:H499DLY_LSELS_KRRLS,Reg:Q486L_SSQLS_FMDQH,Reg:D489V_LSQFM_QHNPL
MEG_6122,Drugs,Rifampin,Rifampin-resistant_beta-subunit_of_RNA_polymerase_RpoB,RPOB,Reg:P564L_CPIET_EGPNI,Reg:L533P_RRISA_GPGGL,Reg:S531F_HKRRI_ALGPG,Reg:Q513PL_SSQLS_FMDQN,Reg:V146F_TERVI_SQLHR,Reg:R687H_GANMQ_QAVPT,Reg:H526Y_LSEIT_KRRIS,Reg:T563P_VCPIE_PEGPN,Reg:R529CS_ITHKR_ISALG
MEG_5325,Drugs,Fluoroquinolones,Fluoroquinolone-resistant_DNA_topoisomerases,PARC,Reg:S87L_HPHGD_ACYEA
MEG_4088,Multi-compound,Drug_and_biocide_resistance,Drug_and_biocide_MFS_efflux_regulator,MTRR,Reg:G45D_AGVTR_ALYWH
MEG_4289,Drugs,betalactams,Mutant_porin_proteins,OMPFB,Reg:R154AD_DFFVG_VGGVA,Reg:G141DE_MLPEF_GDTAY
MEG_7319,Drugs,Elfamycins,EF-Tu_inhibition,TUFAB,Reg:R333C_RPQFY_RTTDV,Reg:Q329H_FSNYR_QFYFR,Reg:Y160CND_RDLLS_YDFPG,Reg:A375VTS_EDGTR_SIREG,Reg:G257A_SKTTV_GVEMF,Reg:G316D_VLSKD_GGRHT,Reg:T334A_PQFYF_TTDVT,Reg:Q124EKR_HILLS_NVGVP,Reg:G275A_EAGDN_GALLR,Reg:E378K_TRFSI_EGGRT,Reg:R230VC_GTVAT_RVERG,Reg:R233SF_ATGRV_RGQIK,Reg:L120Q_QTREH_LLSRN
MEG_7318,Drugs,Elfamycins,EF-Tu_inhibition,TUFAB,Reg:R333C_RPQFY_RTTDV,Reg:Q329H_FSNYR_QFYFR,Reg:Y160CND_RDLLS_YDFPG,Reg:A375VTS_EDGTR_SIREG,Reg:G257A_SKTTV_GVEMF,Reg:G316D_VLSKD_GGRHT,Reg:T334A_PQFYF_TTDVT,Reg:Q124EKR_HILLS_NVGVP,Reg:G275A_EAGDN_GALLR,Reg:E378K_TRFSI_EGGRT,Reg:R230VC_GTVAT_RVERG,Reg:R233SF_ATGRV_RGQIK,Reg:L120Q_QTREH_LLSRN
MEG_7313,Drugs,Elfamycins,EF-Tu_inhibition,TUFAB,Reg:R333C_RPQFY_RTTDV,Reg:Q329H_FSNYR_QFYFR,Reg:Y160CND_RDLLS_YDFPG,Reg:A375VTS_EDGTR_SIREG,Reg:G257A_SKTTV_GVEMF,Reg:G316D_VLSKD_GGRHT,Reg:T334A_PQFYF_TTDVT,Reg:Q124EKR_HILLS_NVGVP,Reg:G275A_EAGDN_GALLR,Reg:E378K_TRFSI_EGGRT,Reg:R230VC_GTVAT_RVERG,Reg:R233SF_ATGRV_RGQIK,Reg:L120Q_QTREH_LLSRN
MEG_5328,Drugs,Fluoroquinolones,Fluoroquinolone-resistant_DNA_topoisomerases,PARC,Reg:E87Q_DSSIY_AMVRM,Reg:S83WL_HPHGD_SIYEA,Reg:S84P_PHGDS_IYEAM
MEG_7312,Drugs,Elfamycins,EF-Tu_inhibition,TUFAB,Reg:Q329H_FKGYR_QFYFR,Reg:G257A_AKSTC_GVEMF,Reg:T334A_PQFYF_TTDVT,Reg:G316D_ILSKD_GGRHT,Reg:G275A_RAGEN_GVLLR,Reg:Q124EKR_HILLG_QVGVP,Reg:R333C_RPQFY_RTTDV,Reg:E378K_LRFAI_EGGRT,Reg:L120Q_QTREH_LLGRQ,Reg:A375VTS_DEGLR_AIREG,Reg:R230VC_GTVVT_RVERG,Reg:R233SF_VTGRV_RGIIK,Reg:Y160CND_RELLS_YDFPG
MEG_5329,Drugs,Fluoroquinolones,Fluoroquinolone-resistant_DNA_topoisomerases,PARC,Reg:S80YF_HPHGD_SVYEA,Reg:E84G_DSSVY_AMVRL
MEG_5330,Drugs,Fluoroquinolones,Fluoroquinolone-resistant_DNA_topoisomerases,PARC,Reg:S91I_HPHGD_SIYEA,Reg:K149R_RDLDR_VVKMA
MEG_5331,Drugs,Fluoroquinolones,Fluoroquinolone-resistant_DNA_topoisomerases,PARC,Reg:V103I_NNWTT_SIHGN,Reg:D87NHYG_DSSIY_AIIRM,Reg:A67ST_PYKKS_RAVGE,Reg:P62S_LKPTT_YKKSA,Reg:S83NRI_HPHGD_SIYDA,Reg:A119V_GDNAA_MRYTE,Reg:G81C_KYHPH_DSSIY,Reg:D82N_YHPHG_SSIYD
MEG_5334,Drugs,Fluoroquinolones,Fluoroquinolone-resistant_DNA_topoisomerases,PARC,Reg:S80IR_HPHGD_ACYEA,Reg:E84K_DSACY_AMVLM
MEG_5335,Drugs,Fluoroquinolones,Fluoroquinolone-resistant_DNA_topoisomerases,PARC,Reg:S80FYL_HPHGD_ACYEA,Reg:E84V_G[SL]ACY_AMVLM
MEG_5336,Drugs,Fluoroquinolones,Fluoroquinolone-resistant_DNA_topoisomerases,PARC,Reg:S80FYL_HPHGD_ACYEA,Reg:E84V_G[SL]ACY_AMVLM
MEG_5337,Drugs,Fluoroquinolones,Fluoroquinolone-resistant_DNA_topoisomerases,PARC,Reg:E84V_DSACY_AMVLM,Reg:S80FYL_HPHGD_ACYEA
MEG_5348,Drugs,Fluoroquinolones,Fluoroquinolone-resistant_DNA_topoisomerases,PARC,Reg:S80IR_HPHGD_ACYEA,Reg:E84K_DSACY_AMVLM
MEG_7301,Drugs,Elfamycins,EF-Tu_inhibition,TUFAB,Reg:R234SF_TGRVE_GIIKV,Reg:R334C_PQFYF_TTDVT,Reg:T336A_FYFRT_DVTGT,Reg:R231VC_TVVTG_VERGI
MEG_5358,Drugs,Fluoroquinolones,Fluoroquinolone-resistant_DNA_topoisomerases,PARC,Reg:S80FYL_HPHGD_ACYEA,Reg:E84V_G[SL]ACY_AMVLM
MEG_5803,Drugs,Mycobacterium_tuberculosis-specific_Drug,Pyrazinamide-resistant_mutant,PNCA,Reg:D8YGNHE_ALIIV_VQNDF,Reg:Q10KPR_IIVDV_NDFCE,Reg:T47SPA_HHVVA_KDFHI,Reg:D49VANG_VVATK_FHIDP,Reg:S66P_TPDYS_SWPPH,Reg:K96EQNM_EAVFY_GAYTG,Reg:A102TV_GAYTG_YSGFE,Reg:L116R_ENGTP_LNWLR,Reg:V125D_LRQRG_DEVDV,Reg:I133T_VDVVG_ATDHC,Reg:Q141P_DHCVR_TAEDA,Reg:R154G_NGLAT_VLVDL,Reg:T160P_VLVDL_AGVSA,Reg:A161PG_LVDLT_GVSAD,Reg:D12ANE_VDVQN_FCEGG,Reg:H51QYR_ATKDF_IDPGD,Reg:A171PTV_DTTVA_LEEMR,Reg:H57DQR_IDPGD_FSGTP,Reg:W68LDRGSC_DYSSS_PPHCV,Reg:V139AMLG_ATDHC_RQTAE,Reg:R121P_LLNWL_QRGVD,Reg:H137RP_GIATD_CVRQT,Reg:W119R_TPLLN_LRQRG,Reg:F94P_AIEAV_YKGAY,Reg:T76PI_HCVSG_PGADF,Reg:L19P_CEGGS_AVTGG,Reg:S104C_YTGAY_GFEGV,Reg:I90S_LDTSA_EAVFY,Reg:M1S__RALII,Reg:L4WS_MRA_IIVDV,Reg:V7DFG_RALII_DVQND,Reg:V9GA_LIIVD_QNDFC,Reg:C14RY_VQNDF_EGGSL,Reg:G23V_SLAVT_GAALA,Reg:V45G_DYHHV_ATKDF,Reg:A46EV_YHHVV_TKDFH,Reg:F58LS_DPGDH_SGTPD,Reg:S67P_PDYSS_WPPHC,Reg:G78D_VSGTP_ADFHP,Reg:L85RP_DFHPS_DTSAI,Reg:Y103HS_AYTGA_SGFEG,Reg:T135P_VVGIA_DHCVR,Reg:D136NYH_VGIAT_HCVRQ,Reg:A146TEV_QTAED_VRNGL,Reg:V155G_GLATR_LVDLT,Reg:L159R_RVLVD_TAGVS,Reg:L172PAP_TTVAA_EEMRT,Reg:V180FAG_MRTAS_ELVCS,Reg:P62HS_HFSGT_DYSSS,Reg:A3E_MR_LIIVD,Reg:L27P_TGGAA_ARAIS,Reg:P54LT_DFHID_GDHFS,Reg:C72WR_SWPPH_VSGTP,Reg:M175V_AALEE_RTASV,Reg:H59D_PGDHF_GTPDY,Reg:D53A_KDFHI_PGDHF,Reg:H71E_SSWPP_CVSGT,Reg:H82R_PGADF_PSLDT,Reg:G97S_AVFYK_AYTGA,Reg:A134V_DVVGI_TDHCV,Reg:C138SYWR_IATDH_VRQTA,Reg:T168N_VSADT_VAALE,Reg:Y34SD_RAISD_LAEAA,Reg:G17DS_DFCEG_SLAVT,Reg:R140SG_TDHCV_QTAED,Reg:T142MK_HCVRQ_AEDAV,Reg:G132S_EVDVV_IATDH,Reg:N118T_GTPLL_WLRQR,Reg:P69R_YSSSW_PHCVS,Reg:Y41H_AEAAD_HHVVA,Reg:A26G_VTGGA_LARAI,Reg:I5ST_MRAL_IVDVQ,Reg:L182S_TASVE_VCSS,Reg:E174G_VAALE_MRTAS,Reg:V157GW_ATRVL_DLTAG,Reg:T100P_YKGAY_GAYSG,Reg:S164P_LTAGV_ADTTV,Non:Q10*_IIVDV_NDFCE,Non:Y103*_AYTGA_SGFEG,Non:W68*_DYSSS_PPHCV,Non:W119*_TPLLN_LRQRG,Non:Q141*_DHCVR_TAEDA,Non:S88*_PSLDT_AIEAV,Non:Y41*_AEAAD_HHVVA,Non:Y99*_FYKGA_TGAYS,Non:Q122*_LNWLR_RGVDE,Reg:D63G_FSGTP_YSSSW,Reg:I6T_MRALI_VDVQN,Non:G108*_YSGFE_VDENG,Reg:L151S_AVRNG_ATRVL,Non:S164*_LTAGV_ADTTV
MEG_5372,Drugs,Aminocoumarins,Aminocoumarin-resistant_DNA_topoisomerases,PARE,Reg:G78S_VQDHG_GMPTG,Reg:R136G_EVEIT_DGAVY
MEG_5374,Drugs,Aminocoumarins,Aminocoumarin-resistant_DNA_topoisomerases,PARE,Reg:G78S_IDDGR_MPVDI,Reg:R136G_EV[NT]V[KR]_DGQ[IV]Y
MEG_5376,Drugs,Aminocoumarins,Aminocoumarin-resistant_DNA_topoisomerases,PARE,Reg:G78S_VEDDG_GMPVD
MEG_5379,Drugs,Aminocoumarins,Aminocoumarin-resistant_DNA_topoisomerases,PARE,Reg:P587S_LGEMN_EQLWE,Reg:D434HN_YLVEG_SAGGS
MEG_5381,Drugs,Aminocoumarins,Aminocoumarin-resistant_DNA_topoisomerases,PARE,Reg:G78S_IDDGR_MPVDI,Reg:R136G_EV[NT]V[KR]_DGQ[IV]Y
MEG_5382,Drugs,Aminocoumarins,Aminocoumarin-resistant_DNA_topoisomerases,PARE,Reg:G78S_IDDGR_MPVDI,Reg:R136G_EV[NT]V[KR]_DGQ[IV]Y
MEG_5383,Drugs,Aminocoumarins,Aminocoumarin-resistant_DNA_topoisomerases,PARE,Reg:P587S_LGEMN_EQLWE,Reg:D434HN_YLVEG_SAGGS
MEG_5387,Drugs,Aminocoumarins,Aminocoumarin-resistant_DNA_topoisomerases,PARE,Reg:P587S_LGEMN_EQLWE,Reg:D434HN_YLVEG_SAGGS
MEG_5390,Drugs,Aminocoumarins,Aminocoumarin-resistant_DNA_topoisomerases,PARE,Reg:P587S_LGEMN_EQLWE,Reg:D434HN_YLVEG_SAGGS
MEG_5391,Drugs,Aminocoumarins,Aminocoumarin-resistant_DNA_topoisomerases,PARE,Reg:P587S_LGEMN_EQLWE,Reg:D434HN_YLVEG_SAGGS
MEG_5785,Drugs,Lipopeptides,Colistin-resistant_mutant,PHOQ,Reg:K123Q_TTRDA_GEEFF,Reg:V260G_AVLQG_GDQLA
MEG_5784,Drugs,Lipopeptides,Colistin-resistant_mutant,PHOP,Reg:A110V_FEELE_RLNAL,Reg:R117L_LNALL_RSSGF
MEG_5393,Drugs,Aminocoumarins,Aminocoumarin-resistant_DNA_topoisomerases,PARE,Reg:G78S_IDDGR_MPVDI,Reg:R136G_EV[NT]V[KR]_DGQ[IV]Y
MEG_5401,Drugs,betalactams,Penicillin_binding_protein,PBP2,Reg:I312M_EPGSA_KPFVI,Reg:G482S_VTEPG_TGTAG,Reg:F504L_GTARK_VNGRY,Reg:A510V_VNGRY_DNKHI,Reg:V316T_AIKPF_IAKAL,Reg:N512Y_GRYAD_KHIAT,Reg:G545S_AHGYY_GVVAG,Reg:A501P_AKTGT_RKFVN
MEG_5406,Drugs,betalactams,Penicillin_binding_protein,PBP2B,Reg:T494A_EYGLG_ATGID,Reg:E481G_LESAM_KLRST,Reg:T451A_EYSSN_YMVQT
MEG_5408,Drugs,betalactams,Penicillin_binding_protein,PBP3,Reg:S357N_TSFKL_GKEIV,Reg:L389F_VSRLA_RMPPS,Reg:D350N_RDEII_TTSFK,Reg:V562L_YYGGA_SAPVF,Reg:S385T_SNRGV_RLALR
MEG_5779,Drugs,Lipopeptides,Daptomycin-resistant_mutant,PGSA,Reg:A64V_VDGYL_RKWNL
MEG_5780,Drugs,Lipopeptides,Daptomycin-resistant_mutant,PGSA,Reg:S177F_IFTIL_GIEYF,Reg:A64V_VDGYL_RKWNL,Reg:K66R_GYLAR_WNLVT,Reg:V59N_SLSDF_DGYLA
MEG_5808,Drugs,Multi-drug_resistance,MDR_mutant_porin_proteins,POR,Reg:A121D_LKNTG_NVNAW,Reg:G120KD_PLKNT_ANVNA,Mult:Reg:G120P_PLKNT_ANVNA;Reg:A121P_LKNTG_NVNAW,Mult:Reg:G120R_PLKNT_ANVNA;Reg:A121H_LKNTG_NVNAW
MEG_5819,Drugs,Fosfomycin,Fosfomycin_target_mutation,PTSL,Reg:V25I_KEDEI_IDRKK
MEG_6055,Drugs,Mycobacterium_tuberculosis-specific_Drug,Para-aminosalicylic_acid_resistant_mutant,RIBD,Reg:G8R_DSGQL_AADTP
MEG_6090,Drugs,Rifampin,Rifampin-resistant_beta-subunit_of_RNA_polymerase_RpoB,RPOB,Reg:P45SL_EPLEV_GLLDV,Reg:E250G_RFGFS_IMRST,Reg:L430PRVM_FGTSQ_SQFMD,Reg:Q432PKLEDR_TSQLS_FMDQN,Reg:M434IV_QLSQF_DQNNP,Reg:D435VYGTNHK_LSQFM_QNNPL,Reg:H445DYLRCSNTEGFQP_LSGLT_KRRLS,Reg:S450WLGCF_HKRRL_ALGPG,Reg:L452PR_RRLSA_GPGGL,Reg:I480V_GRMCP_ETPEG,Reg:F503S_ARVNP_GFIET,Reg:L731P_EDAII_SNRLV,Reg:R827H_KAREV_DTSLK,Reg:H835R_SLKVP_GESGK,Reg:G836S_LKVPH_ESGKV,Reg:Q975H_VFDGA_EAELQ,Reg:I1106T_VKGEN_PEPGI,Reg:V170F_TERVV_SQLVR,Reg:V198F_LHSVK_IPSRG,Reg:A286V_PTKES_QTLLE,Reg:S369L_IDHFG_RRLRT,Reg:Q409H_EAITP_TLINI,Reg:E423A_VAAIK_FFGTS,Reg:F424L_AAIKE_FGTSQ,Reg:G426DS_IKEFF_TSQLS,Reg:T427HPASN_KEFFG_SQLSQ,Reg:S428RQ_EFFGT_QLSQF,Reg:S431ITRN_GTSQL_QFMDQ,Non:Q432*_TSQLS_FMDQN,Reg:Q436LH_SQFMD_NNPLS,Reg:N437THI_QFMDQ_NPLSG,Reg:N438K_FMDQN_PLSGL,Reg:P439T_MDQNN_LSGLT,Reg:L440PM_DQNNP_SGLTH,Reg:S441LWQ_QNNPL_GLTHK,Non:S441*_QNNPL_GLTHK,Reg:G442A_NNPLS_LTHKR,Reg:L443S_NPLSG_THKRR,Reg:K446NQ_SGLTH_RRLSA,Reg:R447PH_GLTHK_RLSAL,Reg:R448Q_LTHKR_LSALG,Reg:L457RP_LGPGG_SRERA,Reg:L464M_RERAG_EVRDV,Reg:I491F_PNIGL_GSLSV,Reg:S493L_IGLIG_LSVYA,Mult:Reg:Q432H_TSQLS_FMDQN;Del:F433-_SQLSQ_MDQNN;Del:M434-_QLSQF_DQNNP;Del:D435-_LSQFM_QNNPL,Mult:Del:M434-_QLSQF_DQNNP;Del:D435-_LSQFM_QNNPL;Del:Q436-_SQFMD_NNPLS;Del:N437-_QFMDQ_NPLSG,Mult:Reg:E481G_RMCPI_TPEGP;Reg:P483L_CPIET_EGPNI
MEG_6091,Drugs,Rifampin,Rifampin-resistant_beta-subunit_of_RNA_polymerase_RpoB,RPOB,Reg:S456L_HKRRL_ALGPG,Reg:V472I_RAGLE_RDVHP
MEG_6094,Drugs,Rifampin,Rifampin-resistant_beta-subunit_of_RNA_polymerase_RpoB,RPOB,Reg:R687H_GANMQ_QAVPT,Reg:H526Y_LSEIT_KRRIS,Reg:Q513PL_SSQLS_FMDQN,Reg:V146F_TERVI_SQLHR,Reg:P564L_CPIET_EGPNI,Reg:T563P_VCPIE_PEGPN,Reg:L533P_RRISA_GPGGL,Reg:S531F_HKRRI_ALGPG,Reg:R529SC_ITHKR_ISALG
MEG_6095,Drugs,Rifampin,Rifampin-resistant_beta-subunit_of_RNA_polymerase_RpoB,RPOB,Reg:D492NV_LSQFM_QTNPL,Reg:H502YLN_LSELT_KRRLS,Reg:P496S_MDQTN_LSELT,Reg:S498T_QTNPL_ELTHK,Reg:S488PT_GSSQL_QFMDQ,Reg:R505K_LTHKR_LSALG,Reg:S550YF_IGLIN_LATYA,Reg:Q1074R_YSLVT_QPLGG
MEG_6097,Drugs,Rifampin,Rifampin-resistant_beta-subunit_of_RNA_polymerase_RpoB,RPOB,Reg:P544L_VSALG_GGLTR,Reg:D525YN_LSQFM_QNNPL,Reg:H535L_LSEIT_KRRVS
MEG_6098,Drugs,Rifampin,Rifampin-resistant_beta-subunit_of_RNA_polymerase_RpoB,RPOB,Reg:H481N_LAELT_KRRLS,Reg:I953S_PDGRP_DIMLN,Reg:A477T_QANPL_ELTHK,Reg:L466S_FGSSQ_SQFMD,Reg:A1085V_VWALE_YGAAY,Reg:A621E_QVVSA_TACIP,Reg:Q468K_SSQLS_FMDQA,Reg:A473T_QFMDQ_NPLAE,Reg:Q465R_FFGSS_LSQFM
MEG_6099,Drugs,Rifampin,Rifampin-resistant_beta-subunit_of_RNA_polymerase_RpoB,RPOB,Reg:P564L_CPIET_EGPNI,Reg:L533P_RRISA_GPGGL,Reg:S531F_HKRRI_ALGPG,Reg:Q513PL_SSQLS_FMDQN,Reg:V146F_TERVI_SQLHR,Reg:R687H_GANMQ_QAVPT,Reg:H526Y_LSEIT_KRRIS,Reg:T563P_VCPIE_PEGPN,Reg:R529CS_ITHKR_ISALG
MEG_6100,Drugs,Rifampin,Rifampin-resistant_beta-subunit_of_RNA_polymerase_RpoB,RPOB,Reg:P544L_VSALG_GGLTR,Reg:D525YN_LSQFM_QNNPL,Reg:H535L_LSEIT_KRRVS
MEG_6101,Drugs,Rifampin,Rifampin-resistant_beta-subunit_of_RNA_polymerase_RpoB,RPOB,Reg:D531N_LSQFM_QVNPL,Reg:Q528LK_SSQLS_FMDQV,Reg:H541Y_LSGVT_KRRVS,Reg:S537F_QVNPL_GVTHK,Reg:R544H_VTHKR_VSALG
MEG_6105,Drugs,Rifampin,Rifampin-resistant_beta-subunit_of_RNA_polymerase_RpoB,RPOB,Reg:S482P_EFFGS_QLSQF,Reg:H499DLY_LSELS_KRRLS,Reg:Q486L_SSQLS_FMDQH,Reg:D489V_LSQFM_QHNPL
MEG_6106,Drugs,Rifampin,Rifampin-resistant_beta-subunit_of_RNA_polymerase_RpoB,RPOB,Reg:Q476KR_SSQLS_FMDQT,Reg:H489YQD_LGELT_KRRLS,Reg:S494L_HKRRL_ALGPG,Reg:V244I_EGLKD_YERLR,Reg:R492H_LTHKR_LSALG,Reg:V138FI_AERVI_SQLVR,Reg:D479YV_LSQFM_QTNPL,Reg:Q480H_SQFMD_TNPLG,Reg:G485DV_QTNPL_ELTHK
MEG_6107,Drugs,Rifampin,Rifampin-resistant_beta-subunit_of_RNA_polymerase_RpoB,RPOB,Reg:P564L_CPIET_EGPNI,Reg:L533P_RRISA_GPGGL,Reg:S531F_HKRRI_ALGPG,Reg:Q513PL_SSQLS_FMDQN,Reg:V146F_TERVI_SQLHR,Reg:R687H_GANMQ_QAVPT,Reg:H526Y_LSEIT_KRRIS,Reg:T563P_VCPIE_PEGPN,Reg:R529CS_ITHKR_ISALG
MEG_6108,Drugs,Rifampin,Rifampin-resistant_beta-subunit_of_RNA_polymerase_RpoB,RPOB,Reg:P564L_CPIET_EGPNI,Reg:L533P_RRISA_GPGGL,Reg:S531F_HKRRI_ALGPG,Reg:Q513PL_SSQLS_FMDQN,Reg:V146F_TERVI_SQLHR,Reg:R687H_GANMQ_QAVPT,Reg:H526Y_LSEIT_KRRIS,Reg:T563P_VCPIE_PEGPN,Reg:R529CS_ITHKR_ISALG
MEG_6109,Drugs,Rifampin,Rifampin-resistant_beta-subunit_of_RNA_polymerase_RpoB,RPOB,Reg:D542V_LSQFM_QTNPL,Reg:S557F_HKRRV_ALGPG,Reg:S548F_QTNPL_EVTHK,Reg:H552YRN_LSEVT_KRRVS
MEG_6110,Drugs,Rifampin,Rifampin-resistant_beta-subunit_of_RNA_polymerase_RpoB,RPOB,Reg:H481N_LAELT_KRRLS,Reg:I953S_PDGRP_DIMLN,Reg:A477T_QANPL_ELTHK,Reg:L466S_FGSSQ_SQFMD,Reg:A1085V_VWALE_YGAAY,Reg:A621E_QVVSA_TACIP,Reg:Q468K_SSQLS_FMDQA,Reg:A473T_QFMDQ_NPLAE,Reg:Q465R_FFGSS_LSQFM
MEG_6111,Drugs,Rifampin,Rifampin-resistant_beta-subunit_of_RNA_polymerase_RpoB,RPOB,Reg:H481N_LAELT_KRRLS,Reg:I953S_PDGRP_DIMLN,Reg:A477T_QANPL_ELTHK,Reg:L466S_FGSSQ_SQFMD,Reg:A1085V_VWALE_YGAAY,Reg:A621E_QVVSA_TACIP,Reg:Q468K_SSQLS_FMDQA,Reg:A473T_QFMDQ_NPLAE,Reg:Q465R_FFGSS_LSQFM
MEG_6117,Drugs,Rifampin,Rifampin-resistant_beta-subunit_of_RNA_polymerase_RpoB,RPOB,Reg:H481N_LAELT_KRRLS,Reg:I953S_PDGRP_DIMLN,Reg:A477T_QANPL_ELTHK,Reg:L466S_FGSSQ_SQFMD,Reg:A1085V_VWALE_YGAAY,Reg:A621E_QVVSA_TACIP,Reg:Q468K_SSQLS_FMDQA,Reg:A473T_QFMDQ_NPLAE,Reg:Q465R_FFGSS_LSQFM
MEG_6121,Drugs,Rifampin,Rifampin-resistant_beta-subunit_of_RNA_polymerase_RpoB,RPOB,Reg:P544L_VSALG_GGLTR,Reg:D525YN_LSQFM_QNNPL,Reg:H535L_LSEIT_KRRVS
MEG_6123,Drugs,Rifampin,Rifampin-resistant_beta-subunit_of_RNA_polymerase_RpoB,RPOB,Reg:P564L_CPIET_EGPNI,Reg:L533P_RRISA_GPGGL,Reg:S531F_HKRRI_ALGPG,Reg:Q513PL_SSQLS_FMDQN,Reg:V146F_TERVI_SQLHR,Reg:R687H_GANMQ_QAVPT,Reg:H526Y_LSEIT_KRRIS,Reg:T563P_VCPIE_PEGPN,Reg:R529CS_ITHKR_ISALG
MEG_6144,Drugs,Aminoglycosides,Aminoglycoside-resistant_16S_ribosomal_subunit_protein,RPSL,Reg:K88RQ_RGGRV_DLPGV,Reg:K43R_YTTTP_KPNSA,Reg:T40I_TRVYT_TPKKP
MEG_6548,Multi-compound,Drug_and_biocide_resistance,Drug_and_biocide_ABC_efflux_regulator,SOXR,Reg:R20H_GEVAK_SGVAV,Reg:G121D_LDGCI_CGCLS
MEG_6552,Multi-compound,Drug_and_biocide_and_metal_resistance,Drug_and_biocide_and_metal_resistance_regulator,SOXS,Reg:E52K_HQTLG_YIRQR
MEG_7250,Drugs,Mycobacterium_tuberculosis-specific_Drug,Para-aminosalicylic_acid_resistant_mutant,THYA,Reg:G91R_DTGEL_PIYGV,Reg:T202A_GEFIW_GGDCH,Reg:Y36C_GQQMR_DLSAG,Reg:V77F_LHEHG_TIWDE,Reg:W83C_TIWDE_ASDTG,Reg:S105P_SWPAP_GEHID,Reg:R126Q_TDPDS_RIIVS,Reg:F152V_HAFFQ_YVADG,Reg:C161T_DGRLS_QLYQR,Reg:H207R_TGGDC_IYDNH,Reg:P224L_QLSRE_RPYPK,Reg:R235P_LLLAD_DSIFE,Reg:T22A_PKSDR_GTGTR,Reg:H75N_GWLHE_GVTIW,Reg:W101R_VQWRS_PAPSG,Non:G76*_WLHEH_VTIWD,Non:W83*_TIWDE_ASDTG,Non:W98*_IYGVQ_RSWPA
MEG_7302,Drugs,Elfamycins,EF-Tu_inhibition,TUFAB,Reg:A376VST_DGLRF_IREGG,Reg:Y161CDN_ELLSQ_DFPGD,Reg:Q125KRE_ILLGR_VGVPY,Reg:G317D_LSKDE_GRHTP,Reg:L121Q_TREHI_LGRQV,Reg:E379K_RFAIR_GGRTV,Reg:Q330H_KGYRP_FYFRT
MEG_7303,Drugs,Elfamycins,EF-Tu_inhibition,TUFAB,Reg:G258A_GTVAT_RVERG,Reg:G275A_EVEVV_IAEET
MEG_7306,Drugs,Elfamycins,EF-Tu_inhibition,TUFAB,Reg:A379T_EGLRF_IREGG
MEG_7310,Drugs,Elfamycins,EF-Tu_inhibition,TUFAB,Reg:Q329H_FKGYR_QFYFR,Reg:G257A_AKSTC_GVEMF,Reg:T334A_PQFYF_TTDVT,Reg:G316D_ILSKD_GGRHT,Reg:G275A_RAGEN_GVLLR,Reg:Q124EKR_HILLG_QVGVP,Reg:R333C_RPQFY_RTTDV,Reg:E378K_LRFAI_EGGRT,Reg:L120Q_QTREH_LLGRQ,Reg:A375VTS_DEGLR_AIREG,Reg:R230VC_GTVVT_RVERG,Reg:R233SF_VTGRV_RGIIK,Reg:Y160CND_RELLS_YDFPG
MEG_7314,Drugs,Elfamycins,EF-Tu_inhibition,TUFAB,Reg:R233SF_VTGRV_RGIIK,Reg:R230VC_GTVVT_RVERG,Reg:R333C_RPQFY_RTTDV,Reg:Q124EKR_HILLG_QVGVP,Reg:G257A_AKTTC_GVEMF,Reg:T334A_PQFYF_TTDVT,Reg:A375VTS_DDGLR_AIREG,Reg:Q329H_FKGYR_QFYFR,Reg:G316D_ILSKD_GGRHT,Reg:Y160CND_RELLS_YDFPG,Reg:G275A_RAGEN_GVLLR,Reg:L120Q_QTREH_LLGRQ
MEG_7315,Drugs,Elfamycins,EF-Tu_inhibition,TUFAB,Reg:Q329H_FKGYR_QFYFR,Reg:G257A_AKSTC_GVEMF,Reg:T334A_PQFYF_TTDVT,Reg:G316D_ILSKD_GGRHT,Reg:G275A_RAGEN_GVLLR,Reg:Q124EKR_HILLG_QVGVP,Reg:R333C_RPQFY_RTTDV,Reg:E378K_LRFAI_EGGRT,Reg:L120Q_QTREH_LLGRQ,Reg:A375VTS_DEGLR_AIREG,Reg:R230VC_GTVVT_RVERG,Reg:R233SF_VTGRV_RGIIK,Reg:Y160CND_RELLS_YDFPG
MEG_7320,Drugs,Elfamycins,EF-Tu_inhibition,TUFAB,Reg:R233SF_VTGRV_RGIIK,Reg:R230VC_GTVVT_RVERG,Reg:R333C_RPQFY_RTTDV,Reg:Q124EKR_HILLG_QVGVP,Reg:G257A_AKTTC_GVEMF,Reg:T334A_PQFYF_TTDVT,Reg:A375VTS_DDGLR_AIREG,Reg:Q329H_FKGYR_QFYFR,Reg:G316D_ILSKD_GGRHT,Reg:Y160CND_RELLS_YDFPG,Reg:G275A_RAGEN_GVLLR,Reg:L120Q_QTREH_LLGRQ
MEG_7321,Drugs,Elfamycins,EF-Tu_inhibition,TUFAB,Reg:R333C_RPQFY_RTTDV,Reg:Q329H_FSNYR_QFYFR,Reg:Y160CND_RDLLS_YDFPG,Reg:A375VTS_EDGTR_SIREG,Reg:G257A_SKTTV_GVEMF,Reg:G316D_VLSKD_GGRHT,Reg:T334A_PQFYF_TTDVT,Reg:Q124EKR_HILLS_NVGVP,Reg:G275A_EAGDN_GALLR,Reg:E378K_TRFSI_EGGRT,Reg:R230VC_GTVAT_RVERG,Reg:R233SF_ATGRV_RGQIK,Reg:L120Q_QTREH_LLSRN
MEG_7329,Drugs,Fosfomycin,Fosfomycin_target_mutation,UHPT,Reg:G358V_SLFAL_ALIFG,Reg:W425R_YTLSG_TDVFI,Reg:G112E_TVLIM_FVLSY,Non:Y314*_SLLWG_VSDLL,Non:W228*_RAEEI_EEPVD
MEG_7330,Drugs,Fosfomycin,Fosfomycin_target_mutation,UHPT,Reg:E350Q_QHASN_YIYLA
MEG_7333,Drugs,Glycopeptides,VanA-type_resistance_protein,VAN,Reg:V241D_TLPGE_VKDVA,Reg:D295G_GLSRC_FFLTN,Reg:P313L_ELNSM_GFTEF,Reg:E13G_GGRSA_HEVSI,Reg:G99R_FPVLH_PNGED
MEG_7806,Drugs,Lipopeptides,Daptomycin-resistant_mutant,WALK,Reg:S221P_QTVEM_RGNYT,Reg:R263C_TESEK_RLDSV,Reg:L10F_KQLQS_HTKLV
