ARO:3003374,MEG_413,FS-pump_repressor,,,,,,,,,,,,,,,,,,,,,,,,,,,,,,,,,,,,,,,,,,,,,,,,,,,,,,,,,,,,,,,,,,,,,,,,,,,,,,,,,,,,,,,,,,,,,,,,,,,,,,,,,,,,,,,,,,,,,,,,,,,,,,,,,,,,,,,,,,,,,,,,,,,,,,,,,,,,,,,,,,,,,,,,,,,,,,,,,,,,,,,,,,,,,,,,,,,,,,
ARO:3003373,MEG_414,FS-pump_repressor,M109I,Y114F;V165I,,,,,,,,,,,,,,,,,,,,,,,,,,,,,,,,,,,,,,,,,,,,,,,,,,,,,,,,,,,,,,,,,,,,,,,,,,,,,,,,,,,,,,,,,,,,,,,,,,,,,,,,,,,,,,,,,,,,,,,,,,,,,,,,,,,,,,,,,,,,,,,,,,,,,,,,,,,,,,,,,,,,,,,,,,,,,,,,,,,,,,,,,,,,,,,,,,,,
ARO:3004145,MEG_1187,V29G,R105S,,,,,,,,,,,,,,,,,,,,,,,,,,,,,,,,,,,,,,,,,,,,,,,,,,,,,,,,,,,,,,,,,,,,,,,,,,,,,,,,,,,,,,,,,,,,,,,,,,,,,,,,,,,,,,,,,,,,,,,,,,,,,,,,,,,,,,,,,,,,,,,,,,,,,,,,,,,,,,,,,,,,,,,,,,,,,,,,,,,,,,,,,,,,,,,,,,,,,
ARO:3003760,MEG_1731,K61-,N74-;F75-;Q76-,H215R,R218Q,R267H,,,,,,,,,,,,,,,,,,,,,,,,,,,,,,,,,,,,,,,,,,,,,,,,,,,,,,,,,,,,,,,,,,,,,,,,,,,,,,,,,,,,,,,,,,,,,,,,,,,,,,,,,,,,,,,,,,,,,,,,,,,,,,,,,,,,,,,,,,,,,,,,,,,,,,,,,,,,,,,,,,,,,,,,,,,,,,,,,,,,,,,,,,,,,,,,,,
ARO:3003092,MEG_1732,N13I,H215R,R218Q,MPL110+,N13T,K59N,N13S,A20D,D27N,R267H,G178T,,,,,,,,,,,,,,,,,,,,,,,,,,,,,,,,,,,,,,,,,,,,,,,,,,,,,,,,,,,,,,,,,,,,,,,,,,,,,,,,,,,,,,,,,,,,,,,,,,,,,,,,,,,,,,,,,,,,,,,,,,,,,,,,,,,,,,,,,,,,,,,,,,,,,,,,,,,,,,,,,,,,,,,,,,,,,,,,,,,,,,,,,,,,
ARO:3003761,MEG_2694,Must:I450,,,,,,,,,,,,,,,,,,,,,,,,,,,,,,,,,,,,,,,,,,,,,,,,,,,,,,,,,,,,,,,,,,,,,,,,,,,,,,,,,,,,,,,,,,,,,,,,,,,,,,,,,,,,,,,,,,,,,,,,,,,,,,,,,,,,,,,,,,,,,,,,,,,,,,,,,,,,,,,,,,,,,,,,,,,,,,,,,,,,,,,,,,,,,,,,,,,,,,
ARO:3003326,MEG_2710,FS-miscellaneous,N13S,P375A,D328G,D328Y,D328H,F330V,F330S,G406A,G406D,G406C,G406S,S297A,D299E,M306L,M306V,M306I,M306T,D311H,Y319C,Y319N,Y319S,Y333C,T630I,M1000R,D959A,G745D,Q497K,Q497R,R460C,N399H,L239P,D240H,Y334H,A356V,A357S,S22C,N296H,A454T,L402V,A439T,H1002R,V282G,F285L,,,,,,,,,,,,,,,,,,,,,,,,,,,,,,,,,,,,,,,,,,,,,,,,,,,,,,,,,,,,,,,,,,,,,,,,,,,,,,,,,,,,,,,,,,,,,,,,,,,,,,,,,,,,,,,,,,,,,,,,,,,,,,,,,,,,,,,,,,,,,,,,,,,,,,,,,,,
ARO:3003327,MEG_2712,P398S,Q491R,L502P,A254G,L251R,I297L,E305D,N394D,R738Q,V981L,I406V,V987G,I297T,V287;Y309N,G288V;M310K;Y327N,G288W;V303G,G272S;H285Y;M300R;A307T,Y296S;R302G,T270I;Y296H;G308D;G325S,,,,,,,,,,,,,,,,,,,,,,,,,,,,,,,,,,,,,,,,,,,,,,,,,,,,,,,,,,,,,,,,,,,,,,,,,,,,,,,,,,,,,,,,,,,,,,,,,,,,,,,,,,,,,,,,,,,,,,,,,,,,,,,,,,,,,,,,,,,,,,,,,,,,,,,,,,,,,,,,,,,,,,,,,,,,,,,,,,,,
ARO:3003458,MEG_2866,FS-drug_activator,G43C,G43S,E223K,I338S,T392A,G385D,T342K,D58A,P51L,D56A,Y84D,T186K,R463S,G413D,A381P,Y147STOP,H281P,N379D,Q246STOP,,,,,,,,,,,,,,,,,,,,,,,,,,,,,,,,,,,,,,,,,,,,,,,,,,,,,,,,,,,,,,,,,,,,,,,,,,,,,,,,,,,,,,,,,,,,,,,,,,,,,,,,,,,,,,,,,,,,,,,,,,,,,,,,,,,,,,,,,,,,,,,,,,,,,,,,,,,,,,,,,,,,,,,,,,,,,,,,,,,
ARO:3003470,MEG_3135,FS-16S_methyltransferase,R47Q,I55S,D67H,S70R,G71V,Q127P,A134E,A138E,A183E,V188G,E92D,P84C,L79F,V188M,L128S,E92D,P75S,V65A,D132V,W42C;W148R,A183T,A200E,W45S,H48Y,G30R,C52STOP,N51T,G117E,L49P,G164C,V124G,V139A,L79S,,,,,,,,,,,,,,,,,,,,,,,,,,,,,,,,,,,,,,,,,,,,,,,,,,,,,,,,,,,,,,,,,,,,,,,,,,,,,,,,,,,,,,,,,,,,,,,,,,,,,,,,,,,,,,,,,,,,,,,,,,,,,,,,,,,,,,,,,,,,,,,,,,,,,,,,,,,,,,,,,,,,,
ARO:3003901,MEG_3143,FS-transporter,W137R,W355STOP,,,,,,,,,,,,,,,,,,,,,,,,,,,,,,,,,,,,,,,,,,,,,,,,,,,,,,,,,,,,,,,,,,,,,,,,,,,,,,,,,,,,,,,,,,,,,,,,,,,,,,,,,,,,,,,,,,,,,,,,,,,,,,,,,,,,,,,,,,,,,,,,,,,,,,,,,,,,,,,,,,,,,,,,,,,,,,,,,,,,,,,,,,,,,,,,,,,,
ARO:3003889,MEG_3144,FS-transporter,E448K,,,,,,,,,,,,,,,,,,,,,,,,,,,,,,,,,,,,,,,,,,,,,,,,,,,,,,,,,,,,,,,,,,,,,,,,,,,,,,,,,,,,,,,,,,,,,,,,,,,,,,,,,,,,,,,,,,,,,,,,,,,,,,,,,,,,,,,,,,,,,,,,,,,,,,,,,,,,,,,,,,,,,,,,,,,,,,,,,,,,,,,,,,,,,,,,,,,,,
ARO:3003940,MEG_3178,S83L,,,,,,,,,,,,,,,,,,,,,,,,,,,,,,,,,,,,,,,,,,,,,,,,,,,,,,,,,,,,,,,,,,,,,,,,,,,,,,,,,,,,,,,,,,,,,,,,,,,,,,,,,,,,,,,,,,,,,,,,,,,,,,,,,,,,,,,,,,,,,,,,,,,,,,,,,,,,,,,,,,,,,,,,,,,,,,,,,,,,,,,,,,,,,,,,,,,,,,
ARO:3003295,MEG_3180,G88C,D89G,D89N,S91P,D94A,D94Y,D94G,D94N,A74S,A90V;P102H,D94T,D94H,Not:T80A;A90G,,,,,,,,,,,,,,,,,,,,,,,,,,,,,,,,,,,,,,,,,,,,,,,,,,,,,,,,,,,,,,,,,,,,,,,,,,,,,,,,,,,,,,,,,,,,,,,,,,,,,,,,,,,,,,,,,,,,,,,,,,,,,,,,,,,,,,,,,,,,,,,,,,,,,,,,,,,,,,,,,,,,,,,,,,,,,,,,,,,,,,,,,,
ARO:3003298,MEG_3182,S101L,S101W,D105G,,,,,,,,,,,,,,,,,,,,,,,,,,,,,,,,,,,,,,,,,,,,,,,,,,,,,,,,,,,,,,,,,,,,,,,,,,,,,,,,,,,,,,,,,,,,,,,,,,,,,,,,,,,,,,,,,,,,,,,,,,,,,,,,,,,,,,,,,,,,,,,,,,,,,,,,,,,,,,,,,,,,,,,,,,,,,,,,,,,,,,,,,,,,,,,,,,,,
ARO:3004631,MEG_3185,M95I,G93C,D99N,,,,,,,,,,,,,,,,,,,,,,,,,,,,,,,,,,,,,,,,,,,,,,,,,,,,,,,,,,,,,,,,,,,,,,,,,,,,,,,,,,,,,,,,,,,,,,,,,,,,,,,,,,,,,,,,,,,,,,,,,,,,,,,,,,,,,,,,,,,,,,,,,,,,,,,,,,,,,,,,,,,,,,,,,,,,,,,,,,,,,,,,,,,,,,,,,,,,
ARO:3003294,MEG_3187,S83L,D87N,D87G,A67S,G81C,A84P,Q106H,S83W,D87V,S83I;I112V;L127M;A128S;K154R,,,,,,,,,,,,,,,,,,,,,,,,,,,,,,,,,,,,,,,,,,,,,,,,,,,,,,,,,,,,,,,,,,,,,,,,,,,,,,,,,,,,,,,,,,,,,,,,,,,,,,,,,,,,,,,,,,,,,,,,,,,,,,,,,,,,,,,,,,,,,,,,,,,,,,,,,,,,,,,,,,,,,,,,,,,,,,,,,,,,,,,,,,,,,
ARO:3003305,MEG_3240,P462S,E502Q,R523Q,,,,,,,,,,,,,,,,,,,,,,,,,,,,,,,,,,,,,,,,,,,,,,,,,,,,,,,,,,,,,,,,,,,,,,,,,,,,,,,,,,,,,,,,,,,,,,,,,,,,,,,,,,,,,,,,,,,,,,,,,,,,,,,,,,,,,,,,,,,,,,,,,,,,,,,,,,,,,,,,,,,,,,,,,,,,,,,,,,,,,,,,,,,,,,,,,,,,
ARO:3004562,MEG_3241,D411N,R459T,D467Y,R449L,E468V,D428V,R449K,E468K,S368V,L446F,S466T,I143R,V135I,V425F,D428N,S368A,R379G,R391P,E401K,,,,,,,,,,,,,,,,,,,,,,,,,,,,,,,,,,,,,,,,,,,,,,,,,,,,,,,,,,,,,,,,,,,,,,,,,,,,,,,,,,,,,,,,,,,,,,,,,,,,,,,,,,,,,,,,,,,,,,,,,,,,,,,,,,,,,,,,,,,,,,,,,,,,,,,,,,,,,,,,,,,,,,,,,,,,,,,,,,,,
ARO:3003459,MEG_3243,I271M,V301L,N499D,E501V,N499K,E501D,T500P,D461H,T500N,N499T,V457L,R446C;T507M,,,,,,,,,,,,,,,,,,,,,,,,,,,,,,,,,,,,,,,,,,,,,,,,,,,,,,,,,,,,,,,,,,,,,,,,,,,,,,,,,,,,,,,,,,,,,,,,,,,,,,,,,,,,,,,,,,,,,,,,,,,,,,,,,,,,,,,,,,,,,,,,,,,,,,,,,,,,,,,,,,,,,,,,,,,,,,,,,,,,,,,,,,,
ARO:3003303,MEG_3244,R136C,R136H,R136S,G164V,,,,,,,,,,,,,,,,,,,,,,,,,,,,,,,,,,,,,,,,,,,,,,,,,,,,,,,,,,,,,,,,,,,,,,,,,,,,,,,,,,,,,,,,,,,,,,,,,,,,,,,,,,,,,,,,,,,,,,,,,,,,,,,,,,,,,,,,,,,,,,,,,,,,,,,,,,,,,,,,,,,,,,,,,,,,,,,,,,,,,,,,,,,,,,,,,,,
ARO:3003302,MEG_3246,T174I,T174A,R141Q,G85S,,,,,,,,,,,,,,,,,,,,,,,,,,,,,,,,,,,,,,,,,,,,,,,,,,,,,,,,,,,,,,,,,,,,,,,,,,,,,,,,,,,,,,,,,,,,,,,,,,,,,,,,,,,,,,,,,,,,,,,,,,,,,,,,,,,,,,,,,,,,,,,,,,,,,,,,,,,,,,,,,,,,,,,,,,,,,,,,,,,,,,,,,,,,,,,,,,,
ARO:3003393,MEG_3429,S94A,I16T,I194T,I47T,T21V,I95P,G141E,T162S,T280G,,,,,,,,,,,,,,,,,,,,,,,,,,,,,,,,,,,,,,,,,,,,,,,,,,,,,,,,,,,,,,,,,,,,,,,,,,,,,,,,,,,,,,,,,,,,,,,,,,,,,,,,,,,,,,,,,,,,,,,,,,,,,,,,,,,,,,,,,,,,,,,,,,,,,,,,,,,,,,,,,,,,,,,,,,,,,,,,,,,,,,,,,,,,,,
ARO:3003448,MEG_3430,FS-miscellaneous,G308R,S501W,P3A,R537H,,,,,,,,,,,,,,,,,,,,,,,,,,,,,,,,,,,,,,,,,,,,,,,,,,,,,,,,,,,,,,,,,,,,,,,,,,,,,,,,,,,,,,,,,,,,,,,,,,,,,,,,,,,,,,,,,,,,,,,,,,,,,,,,,,,,,,,,,,,,,,,,,,,,,,,,,,,,,,,,,,,,,,,,,,,,,,,,,,,,,,,,,,,,,,,,,,
ARO:3003392,MEG_3446,FS-drug_activator,R418L,W328F,W328G,W321F,T275V,T275P,M255Y,M255I,M255C,W107F,W107R,V473N,V473G,V473Y,V473W,V473F,V473S,V473M,V473R,V473K,V473I,V473D,L472I,L472Q,L472K,W191R,Q471H,Q471Y,L436G,T435R,L430V,L427I,D311S,D311N,S303C,S303L,S315I,S315N,S315T,S315R,S315G,M126I,P131Q,P131T,R128Q,L101P,W91R,A350S,Y337C,T262R,W300G,Y229F,N138S,N138D,H108Q,H108E,R104L,G33V,G111S,H417Q,E607A,Q461P,G125S,N508D,L147P,N660D,A312P,S383P,H97R,R489S,M420T,D387G,D419H,M176T,R632C,D542H,Y64S,Y95C,A139P,A139V,D142G,A162V,G269D,G269R,T306P,R385W,T394M,Q439P,F483L,A541D,G32D,V47E,A256T,T667P,A716P,I335T,Q127P,Q127E,Q352E,A93T,A110V,H276M,S17N,Q295H,G19D,Q224E,A243S,A550D,P2S,S140N,G279D,G285D,G316D,S457I,D63E,N133T,P232S,D735N,G629S,L587M,Y304STOP,W91STOP,E506STOP,I317V,G279V;L436P,G490S,N596S;Y597H,P131R;D194Y,E454STOP,K46STOP,K433Q;Q434A;T435D,G123E;G299S,W191-;E192-,Y98C;A349T,N138T,E195K,W341S,W505S,W204R,W198STOP,E217G,G285C,T344P,R128P,N138H,A172T,W321G,L336P,R515C,D735A,Y304S,W336C,K414N,L148R,H270Q,D381G,V473STOP,G491D,G491V,A264V,T308P,P365R,V469L,,,,,,,,,,,,,,,,,,,,,,,,,,,,,,,,,,,
ARO:3003077,MEG_3588,T194I,I168/169/170/171/172+,I168/169/170/171-,,,,,,,,,,,,,,,,,,,,,,,,,,,,,,,,,,,,,,,,,,,,,,,,,,,,,,,,,,,,,,,,,,,,,,,,,,,,,,,,,,,,,,,,,,,,,,,,,,,,,,,,,,,,,,,,,,,,,,,,,,,,,,,,,,,,,,,,,,,,,,,,,,,,,,,,,,,,,,,,,,,,,,,,,,,,,,,,,,,,,,,,,,,,,,,,,,,,
ARO:3003790,MEG_3591,L27I,L39F,I144T,,,,,,,,,,,,,,,,,,,,,,,,,,,,,,,,,,,,,,,,,,,,,,,,,,,,,,,,,,,,,,,,,,,,,,,,,,,,,,,,,,,,,,,,,,,,,,,,,,,,,,,,,,,,,,,,,,,,,,,,,,,,,,,,,,,,,,,,,,,,,,,,,,,,,,,,,,,,,,,,,,,,,,,,,,,,,,,,,,,,,,,,,,,,,,,,,,,,
ARO:3003028,MEG_3594,Q52P;nonstop,,,,,,,,,,,,,,,,,,,,,,,,,,,,,,,,,,,,,,,,,,,,,,,,,,,,,,,,,,,,,,,,,,,,,,,,,,,,,,,,,,,,,,,,,,,,,,,,,,,,,,,,,,,,,,,,,,,,,,,,,,,,,,,,,,,,,,,,,,,,,,,,,,,,,,,,,,,,,,,,,,,,,,,,,,,,,,,,,,,,,,,,,,,,,,,,,,,,,,
ARO:3003573,MEG_3626,FS-target_synthesis,G68D,Q72K,H159D,Q234STOP,,,,,,,,,,,,,,,,,,,,,,,,,,,,,,,,,,,,,,,,,,,,,,,,,,,,,,,,,,,,,,,,,,,,,,,,,,,,,,,,,,,,,,,,,,,,,,,,,,,,,,,,,,,,,,,,,,,,,,,,,,,,,,,,,,,,,,,,,,,,,,,,,,,,,,,,,,,,,,,,,,,,,,,,,,,,,,,,,,,,,,,,,,,,,,,,,,
ARO:3003574,MEG_3627,FS-target_synthesis,P30L,,,,,,,,,,,,,,,,,,,,,,,,,,,,,,,,,,,,,,,,,,,,,,,,,,,,,,,,,,,,,,,,,,,,,,,,,,,,,,,,,,,,,,,,,,,,,,,,,,,,,,,,,,,,,,,,,,,,,,,,,,,,,,,,,,,,,,,,,,,,,,,,,,,,,,,,,,,,,,,,,,,,,,,,,,,,,,,,,,,,,,,,,,,,,,,,,,,,,
ARO:3003777,MEG_4092,Must:D116,,,,,,,,,,,,,,,,,,,,,,,,,,,,,,,,,,,,,,,,,,,,,,,,,,,,,,,,,,,,,,,,,,,,,,,,,,,,,,,,,,,,,,,,,,,,,,,,,,,,,,,,,,,,,,,,,,,,,,,,,,,,,,,,,,,,,,,,,,,,,,,,,,,,,,,,,,,,,,,,,,,,,,,,,,,,,,,,,,,,,,,,,,,,,,,,,,,,,,
ARO:3003785,MEG_4093,Must:D119,,,,,,,,,,,,,,,,,,,,,,,,,,,,,,,,,,,,,,,,,,,,,,,,,,,,,,,,,,,,,,,,,,,,,,,,,,,,,,,,,,,,,,,,,,,,,,,,,,,,,,,,,,,,,,,,,,,,,,,,,,,,,,,,,,,,,,,,,,,,,,,,,,,,,,,,,,,,,,,,,,,,,,,,,,,,,,,,,,,,,,,,,,,,,,,,,,,,,,
ARO:3003784,MEG_4096,Must:D117,,,,,,,,,,,,,,,,,,,,,,,,,,,,,,,,,,,,,,,,,,,,,,,,,,,,,,,,,,,,,,,,,,,,,,,,,,,,,,,,,,,,,,,,,,,,,,,,,,,,,,,,,,,,,,,,,,,,,,,,,,,,,,,,,,,,,,,,,,,,,,,,,,,,,,,,,,,,,,,,,,,,,,,,,,,,,,,,,,,,,,,,,,,,,,,,,,,,,,
ARO:3003461,MEG_4130,FS-target_synthesis,L50V,G339A,G313R,A300P,R268H,T110A,R13C,N316K,A226E,,,,,,,,,,,,,,,,,,,,,,,,,,,,,,,,,,,,,,,,,,,,,,,,,,,,,,,,,,,,,,,,,,,,,,,,,,,,,,,,,,,,,,,,,,,,,,,,,,,,,,,,,,,,,,,,,,,,,,,,,,,,,,,,,,,,,,,,,,,,,,,,,,,,,,,,,,,,,,,,,,,,,,,,,,,,,,,,,,,,,,,,,,,,,
ARO:3003779,MEG_4131,FS-target_synthesis,R202W,V329A,L239P,D366G,,,,,,,,,,,,,,,,,,,,,,,,,,,,,,,,,,,,,,,,,,,,,,,,,,,,,,,,,,,,,,,,,,,,,,,,,,,,,,,,,,,,,,,,,,,,,,,,,,,,,,,,,,,,,,,,,,,,,,,,,,,,,,,,,,,,,,,,,,,,,,,,,,,,,,,,,,,,,,,,,,,,,,,,,,,,,,,,,,,,,,,,,,,,,,,,,,
ARO:3003686,MEG_4296,FS-porin,Q142STOP,W339STOP,,,,,,,,,,,,,,,,,,,,,,,,,,,,,,,,,,,,,,,,,,,,,,,,,,,,,,,,,,,,,,,,,,,,,,,,,,,,,,,,,,,,,,,,,,,,,,,,,,,,,,,,,,,,,,,,,,,,,,,,,,,,,,,,,,,,,,,,,,,,,,,,,,,,,,,,,,,,,,,,,,,,,,,,,,,,,,,,,,,,,,,,,,,,,,,,,,,,
ARO:3003309,MEG_5328,E87Q,E87K,S83L,S83W,S84P,D82N,,,,,,,,,,,,,,,,,,,,,,,,,,,,,,,,,,,,,,,,,,,,,,,,,,,,,,,,,,,,,,,,,,,,,,,,,,,,,,,,,,,,,,,,,,,,,,,,,,,,,,,,,,,,,,,,,,,,,,,,,,,,,,,,,,,,,,,,,,,,,,,,,,,,,,,,,,,,,,,,,,,,,,,,,,,,,,,,,,,,,,,,,,,,,,,,,
ARO:3004630,MEG_5331,D87Y,D87V,K97R,G81C,D82N,S83R,S83I,D87N,D87H,D87G,V103I,A69T,,,,,,,,,,,,,,,,,,,,,,,,,,,,,,,,,,,,,,,,,,,,,,,,,,,,,,,,,,,,,,,,,,,,,,,,,,,,,,,,,,,,,,,,,,,,,,,,,,,,,,,,,,,,,,,,,,,,,,,,,,,,,,,,,,,,,,,,,,,,,,,,,,,,,,,,,,,,,,,,,,,,,,,,,,,,,,,,,,,,,,,,,,,
ARO:3003941,MEG_5332,S80I,S80R,,,,,,,,,,,,,,,,,,,,,,,,,,,,,,,,,,,,,,,,,,,,,,,,,,,,,,,,,,,,,,,,,,,,,,,,,,,,,,,,,,,,,,,,,,,,,,,,,,,,,,,,,,,,,,,,,,,,,,,,,,,,,,,,,,,,,,,,,,,,,,,,,,,,,,,,,,,,,,,,,,,,,,,,,,,,,,,,,,,,,,,,,,,,,,,,,,,,,
ARO:3003316,MEG_5394,D476N,L416F,E460D,I464F,I444F,L445H,S458T,I529L,,,,,,,,,,,,,,,,,,,,,,,,,,,,,,,,,,,,,,,,,,,,,,,,,,,,,,,,,,,,,,,,,,,,,,,,,,,,,,,,,,,,,,,,,,,,,,,,,,,,,,,,,,,,,,,,,,,,,,,,,,,,,,,,,,,,,,,,,,,,,,,,,,,,,,,,,,,,,,,,,,,,,,,,,,,,,,,,,,,,,,,,,,,,,,,
ARO:3003937,MEG_5401,A501V,D346+,F504L,A510V,A516G,P551S,G545S,G482S,A501P,H168Y,V78I,,,,,,,,,,,,,,,,,,,,,,,,,,,,,,,,,,,,,,,,,,,,,,,,,,,,,,,,,,,,,,,,,,,,,,,,,,,,,,,,,,,,,,,,,,,,,,,,,,,,,,,,,,,,,,,,,,,,,,,,,,,,,,,,,,,,,,,,,,,,,,,,,,,,,,,,,,,,,,,,,,,,,,,,,,,,,,,,,,,,,,,,,,,,
ARO:3003323,MEG_5780,S177F,A64V,V59D,K75N;G76+;E77+,,,,,,,,,,,,,,,,,,,,,,,,,,,,,,,,,,,,,,,,,,,,,,,,,,,,,,,,,,,,,,,,,,,,,,,,,,,,,,,,,,,,,,,,,,,,,,,,,,,,,,,,,,,,,,,,,,,,,,,,,,,,,,,,,,,,,,,,,,,,,,,,,,,,,,,,,,,,,,,,,,,,,,,,,,,,,,,,,,,,,,,,,,,,,,,,,,,
ARO:3003896,MEG_5785,A143V,K123Q;V260G,,,,,,,,,,,,,,,,,,,,,,,,,,,,,,,,,,,,,,,,,,,,,,,,,,,,,,,,,,,,,,,,,,,,,,,,,,,,,,,,,,,,,,,,,,,,,,,,,,,,,,,,,,,,,,,,,,,,,,,,,,,,,,,,,,,,,,,,,,,,,,,,,,,,,,,,,,,,,,,,,,,,,,,,,,,,,,,,,,,,,,,,,,,,,,,,,,,,,
ARO:3003394,MEG_5803,FS-drug_activator,D8Y,D8G,D8N,D8H,D8E,Q10K,Q10P,Q10R,T47S,T47P,D49V,D49A,D49N,D49G,S66P,K96E,K96Q,K96N,K96M,A102T,A102V,L116R,V125D,I133T,Q141P,R154G,T160P,A161P,A161G,D12E,H51Q,H51Y,H51R,A171P,A171T,H57Q,H57R,W68L,W68R,W68G,W68S,W68C,V139A,V139M,V139L,V139G,R121P,H137P,W119R,F94P,T76P,T76I,L19P,S104C,I90S,L4W,L4S,V7D,V7F,V7G,V9G,V9A,C14R,C14Y,G23V,V45G,A46E,A46V,F58L,F58S,S67P,G78D,L85R,L85P,Y103H,T135P,D136N,D136Y,D136H,A146T,A146E,A146V,V155G,L159R,L172P,L172A,V180F,V180A,V180G,P62H,P62S,A3E,L27P,P54T,C72W,C72R,M175V,D53A,H71E,H82R,G97S,A134V,C138S,C138Y,C138W,C138R,T168N,Y34S,Y34D,G17D,G17S,R140G,T142K,G132S,N118T,P69R,Y41H,A26G,I5S,I5T,L182S,E174G,V157G,T100P,S164P,W68STOP,W119STOP,Q141STOP,S88STOP,Y41STOP,Y99STOP,Q122STOP,D63G,I6T,G108STOP,L151S,S164STOP,L27R,H57P,P62Q,P62T,Y95STOP,L120R,A134G,T142A,T153N,L156P,T135A;T142M,RSM120+,RSM131+,MWS132+,H43P,H51P,T72P,S104R,T114P,V130G,G132D,RSM130+,M1I,Y64D,R148S,F13S,F13L,C14STOP,P54Q,P54R,P54S,H57Y,Y64STOP,E91STOP,F94L,F94S,F94C,K96T,K96R,G97D,G97A,T100A,G132A,G132C,T135N,H137D,R140P,A143G,M175T,M175I,V44G,K48E,P62L,H71P,A102P,V125G,D136G,N149V,R154W,G162V,V128G
ARO:3003380,MEG_6045,FS-pump_repressor,K5E,A16D,A19V,T43M,I88N,G96D,T162I,E53STOP,W89STOP,R108STOP,,,,,,,,,,,,,,,,,,,,,,,,,,,,,,,,,,,,,,,,,,,,,,,,,,,,,,,,,,,,,,,,,,,,,,,,,,,,,,,,,,,,,,,,,,,,,,,,,,,,,,,,,,,,,,,,,,,,,,,,,,,,,,,,,,,,,,,,,,,,,,,,,,,,,,,,,,,,,,,,,,,,,,,,,,,,,,,,,,,,,,,,,,,,
ARO:3003379,MEG_6046,FS-pump_repressor,R46P,E160STOP,T18P,Y59H,G25A,T50P,Q19STOP,,,,,,,,,,,,,,,,,,,,,,,,,,,,,,,,,,,,,,,,,,,,,,,,,,,,,,,,,,,,,,,,,,,,,,,,,,,,,,,,,,,,,,,,,,,,,,,,,,,,,,,,,,,,,,,,,,,,,,,,,,,,,,,,,,,,,,,,,,,,,,,,,,,,,,,,,,,,,,,,,,,,,,,,,,,,,,,,,,,,,,,,,,,,,,,
ARO:3003283,MEG_6090,FS-miscellaneous,P45S,P45L,E250G,L430P,L430R,L430V,Q432P,Q432K,Q432L,Q432E,Q432R,M434V,D435V,D435Y,D435G,D435T,H445D,H445Y,H445L,H445R,H445C,H445N,H445T,H445G,H445P,S450W,S450L,S450G,S450F,L452P,I480V,F503S,L731P,R827H,H835R,G836S,Q975H,I1106T,V170F,V198F,A286V,Q409H,T427N,S428R,S431N,Q436L,Q436H,N437T,N437I,P439T,L440M,S441L,S441W,S441Q,S441STOP,G442A,L443S,K446N,R447P,L457R,L464M,I491F,D435-,Q436-,N437-,E481G;P483L,G442-,H445S;K446Q,F433/434+,N438-,D435A,F433L,R434+,FM433/435+,H445Q+S450C,Q429H,G426-;T427-,S450Q,S450Y,Q432STOP,H445S;P454H,L443W;T444P;H445Q;K446-,S450Y,S441P,S450STOP,G426D;N437Y;L457P,Q432-,A419D,A419T,I421T,K422N,E423K,F425L,Q409E,Q409Y,Q409STOP,E481D,E481A,E481Q,E481G,P483S,S472-,I491P,M390V,M390L,M390E,C478Y,R476Q,R476G,Y474H,Y474S,Y474F,Y474T,Y474STOP,A462T,A462Y,P486T,G489D,,,,,,,,,,,,,,,,,,,,,,,,,,,,,,,,,,,,,,,,,,,,,,,,,,,,,,,,,,,,,,,,,,,,,,,,,,,,,,,,
ARO:3003288,MEG_6094,FS-followed_by_frameshift_suppression,R687H,H526Y,Q513P,Q513L,V146F,P564L,T563P,L533P,S531F,R529S,R529C,G507V;S508-;S509-;Q510-;L511-,DQ516/518+,A532-,D516N,D516V,S522F,I572F,,,,,,,,,,,,,,,,,,,,,,,,,,,,,,,,,,,,,,,,,,,,,,,,,,,,,,,,,,,,,,,,,,,,,,,,,,,,,,,,,,,,,,,,,,,,,,,,,,,,,,,,,,,,,,,,,,,,,,,,,,,,,,,,,,,,,,,,,,,,,,,,,,,,,,,,,,,,,,,,,,,,,,,,,,,,,,,,,,,,
ARO:3004563,MEG_6095,H502N,R505K,S488P,D492V,D492N,H502Y,H502L,S550Y,S550F,S575A,,,,,,,,,,,,,,,,,,,,,,,,,,,,,,,,,,,,,,,,,,,,,,,,,,,,,,,,,,,,,,,,,,,,,,,,,,,,,,,,,,,,,,,,,,,,,,,,,,,,,,,,,,,,,,,,,,,,,,,,,,,,,,,,,,,,,,,,,,,,,,,,,,,,,,,,,,,,,,,,,,,,,,,,,,,,,,,,,,,,,,,,,,,,,
ARO:3004721,MEG_6142,FS-miscellaneous,D342N,D343N,A344P,I351F,E325K,G341R,S324F,D123A,A438-,A381V,A412V,A440T,nonstop,,,,,,,,,,,,,,,,,,,,,,,,,,,,,,,,,,,,,,,,,,,,,,,,,,,,,,,,,,,,,,,,,,,,,,,,,,,,,,,,,,,,,,,,,,,,,,,,,,,,,,,,,,,,,,,,,,,,,,,,,,,,,,,,,,,,,,,,,,,,,,,,,,,,,,,,,,,,,,,,,,,,,,,,,,,,,,,,,,,,,,,,,
ARO:3003479,MEG_7196,Must:H65,Must:T66,Must:E72,Must:N83,Must:A84,Must:A90,Must:H94,Must:V100,Must:H101,Must:G103,Must:T104,Must:P106,Must:E107,,,,,,,,,,,,,,,,,,,,,,,,,,,,,,,,,,,,,,,,,,,,,,,,,,,,,,,,,,,,,,,,,,,,,,,,,,,,,,,,,,,,,,,,,,,,,,,,,,,,,,,,,,,,,,,,,,,,,,,,,,,,,,,,,,,,,,,,,,,,,,,,,,,,,,,,,,,,,,,,,,,,,,,,,,,,,,,,,,,,,,,,,,
ARO:3004153,MEG_7250,FS-target_synthesis,G91R,T202A,Y36C,V77F,W83C,S105P,R126Q,F152V,C161T,H207R,P224L,R235P,T22A,H75N,W101R,G76STOP,W83STOP,W98STOP,HEH73/76+,,,,,,,,,,,,,,,,,,,,,,,,,,,,,,,,,,,,,,,,,,,,,,,,,,,,,,,,,,,,,,,,,,,,,,,,,,,,,,,,,,,,,,,,,,,,,,,,,,,,,,,,,,,,,,,,,,,,,,,,,,,,,,,,,,,,,,,,,,,,,,,,,,,,,,,,,,,,,,,,,,,,,,,,,,,,,,,,,,,
ARO:3003445,MEG_7258,FS-16S_methyltransferase,R14W,Q184STOP,R18STOP,Q22STOP,R3STOP,A67E,K69E,A91E,L118P,V128E,L150P,P183L,F185L,N236K,E238K,,,,,,,,,,,,,,,,,,,,,,,,,,,,,,,,,,,,,,,,,,,,,,,,,,,,,,,,,,,,,,,,,,,,,,,,,,,,,,,,,,,,,,,,,,,,,,,,,,,,,,,,,,,,,,,,,,,,,,,,,,,,,,,,,,,,,,,,,,,,,,,,,,,,,,,,,,,,,,,,,,,,,,,,,,,,,,,,,,,,,,,
ARO:3003465,MEG_7259,Y319D,Y333H,M306V,M306I,,,,,,,,,,,,,,,,,,,,,,,,,,,,,,,,,,,,,,,,,,,,,,,,,,,,,,,,,,,,,,,,,,,,,,,,,,,,,,,,,,,,,,,,,,,,,,,,,,,,,,,,,,,,,,,,,,,,,,,,,,,,,,,,,,,,,,,,,,,,,,,,,,,,,,,,,,,,,,,,,,,,,,,,,,,,,,,,,,,,,,,,,,,,,,,,,,,
ARO:3003359,MEG_7306,Must:T379,,,,,,,,,,,,,,,,,,,,,,,,,,,,,,,,,,,,,,,,,,,,,,,,,,,,,,,,,,,,,,,,,,,,,,,,,,,,,,,,,,,,,,,,,,,,,,,,,,,,,,,,,,,,,,,,,,,,,,,,,,,,,,,,,,,,,,,,,,,,,,,,,,,,,,,,,,,,,,,,,,,,,,,,,,,,,,,,,,,,,,,,,,,,,,,,,,,,,,
ARO:3003902,MEG_7329,FS-transporter,G112E,W228STOP,Y314STOP,G358V,W425R,,,,,,,,,,,,,,,,,,,,,,,,,,,,,,,,,,,,,,,,,,,,,,,,,,,,,,,,,,,,,,,,,,,,,,,,,,,,,,,,,,,,,,,,,,,,,,,,,,,,,,,,,,,,,,,,,,,,,,,,,,,,,,,,,,,,,,,,,,,,,,,,,,,,,,,,,,,,,,,,,,,,,,,,,,,,,,,,,,,,,,,,,,,,,,,,,
ARO:3003970,MEG_7333,FS-target_synthesis,E13G,G99R,V241D,D295G,P313L,D244-;V245-,,,,,,,,,,,,,,,,,,,,,,,,,,,,,,,,,,,,,,,,,,,,,,,,,,,,,,,,,,,,,,,,,,,,,,,,,,,,,,,,,,,,,,,,,,,,,,,,,,,,,,,,,,,,,,,,,,,,,,,,,,,,,,,,,,,,,,,,,,,,,,,,,,,,,,,,,,,,,,,,,,,,,,,,,,,,,,,,,,,,,,,,,,,,,,,,
