MEG_1,Drugs,Aminoglycosides,Aminoglycoside-resistant_16S_ribosomal_subunit_protein,A16S,Nuc:A1192G,Nuc:C1193GT,Nuc:G1194C,,,,,,,,,,,,,
MEG_2,Drugs,Aminoglycosides,Aminoglycoside-resistant_16S_ribosomal_subunit_protein,A16S,Nuc:G354A,Nuc:G480A,,,,,,,,,,,,,,
MEG_3,Drugs,Aminoglycosides,Aminoglycoside-resistant_16S_ribosomal_subunit_protein,A16S,Nuc:A1401G,Nuc:G1484T,Nuc:A514C,,,,,,,,,,,,,
MEG_4,Drugs,Aminoglycosides,Aminoglycoside-resistant_16S_ribosomal_subunit_protein,A16S,Nuc:C1198T,,,,,,,,,,,,,,,
MEG_5,Drugs,Aminoglycosides,Aminoglycoside-resistant_16S_ribosomal_subunit_protein,A16S,Nuc:T1373A,Nuc:A1375G,Nuc:C1376T,Nuc:G1455A,Nuc:G1458T,,,,,,,,,,,
MEG_6,Drugs,Aminoglycosides,Aminoglycoside-resistant_16S_ribosomal_subunit_protein,A16S,Nuc:C1194G,,,,,,,,,,,,,,,
MEG_7,Drugs,Aminoglycosides,Aminoglycoside-resistant_16S_ribosomal_subunit_protein,A16S,Nuc:G1065C,,,,,,,,,,,,,,,
MEG_8,Drugs,Aminoglycosides,Aminoglycoside-resistant_16S_ribosomal_subunit_protein,A16S,Nuc:T14G,Nuc:A474C,Nuc:C856T,Nuc:A858C,Nuc:A859G,,,,,,,,,,,
MEG_9,Drugs,Aminoglycosides,Aminoglycoside-resistant_16S_ribosomal_subunit_protein,A16S,Nuc:C502T,Nuc:A503C,Nuc:G504C,Nuc:C506T,,,,,,,,,,,,
MEG_10,Drugs,Aminoglycosides,Aminoglycoside-resistant_16S_ribosomal_subunit_protein,A16S,Nuc:A1401G,,,,,,,,,,,,,,,
MEG_11,Drugs,Aminoglycosides,Aminoglycoside-resistant_16S_ribosomal_subunit_protein,A16S,Nuc:T1353A,Nuc:A1355G,Nuc:C1356T,Nuc:G1438T,,,,,,,,,,,,
MEG_12,Drugs,Aminoglycosides,Aminoglycoside-resistant_16S_ribosomal_subunit_protein,A16S,Nuc:T1348C,Nuc:C1439T,Nuc:T1441C,,,,,,,,,,,,,
MEG_411,Multi-compound,Drug_and_biocide_resistance,Drug_and_biocide_RND_efflux_regulator,ACRR,FS-pump_repressor,Reg:R45PC,Reg:P85Q,Mult:Reg:L204R;Del:C205-,,,,,,,,,,,,
MEG_412,Multi-compound,Drug_and_biocide_resistance,Drug_and_biocide_RND_efflux_regulator,ACRR,RequiresSNPConfirmation,,,,,,,,,,,,,,,
MEG_1490,Drugs,Cationic_antimicrobial_peptides,Cationic_peptide-resistant_16S_ribosomal_subunit_protein,CAP16S,Nuc:A1499G,Nuc:T1506A,,,,,,,,,,,,,,
MEG_1594,Drugs,Phenicol,Chloramphenicol_acetyltransferases,CATB,RequiresSNPConfirmation,,,,,,,,,,,,,,,
MEG_1595,Drugs,Phenicol,Chloramphenicol_acetyltransferases,CATB,RequiresSNPConfirmation,,,,,,,,,,,,,,,
MEG_1596,Drugs,Phenicol,Chloramphenicol_acetyltransferases,CATB,RequiresSNPConfirmation,,,,,,,,,,,,,,,
MEG_1597,Drugs,Phenicol,Chloramphenicol_acetyltransferases,CATB,RequiresSNPConfirmation,,,,,,,,,,,,,,,
MEG_1598,Drugs,Phenicol,Chloramphenicol_acetyltransferases,CATB,RequiresSNPConfirmation,,,,,,,,,,,,,,,
MEG_1599,Drugs,Phenicol,Chloramphenicol_acetyltransferases,CATB,RequiresSNPConfirmation,,,,,,,,,,,,,,,
MEG_1600,Drugs,Phenicol,Chloramphenicol_acetyltransferases,CATB,RequiresSNPConfirmation,,,,,,,,,,,,,,,
MEG_1601,Drugs,Phenicol,Chloramphenicol_acetyltransferases,CATB,RequiresSNPConfirmation,,,,,,,,,,,,,,,
MEG_1602,Drugs,Phenicol,Chloramphenicol_acetyltransferases,CATB,RequiresSNPConfirmation,,,,,,,,,,,,,,,
MEG_1603,Drugs,Phenicol,Chloramphenicol_acetyltransferases,CATB,RequiresSNPConfirmation,,,,,,,,,,,,,,,
MEG_1604,Drugs,Phenicol,Chloramphenicol_acetyltransferases,CATB,RequiresSNPConfirmation,,,,,,,,,,,,,,,
MEG_1605,Drugs,Phenicol,Chloramphenicol_acetyltransferases,CATB,RequiresSNPConfirmation,,,,,,,,,,,,,,,
MEG_1606,Drugs,Phenicol,Chloramphenicol_acetyltransferases,CATB,RequiresSNPConfirmation,,,,,,,,,,,,,,,
MEG_1607,Drugs,Phenicol,Chloramphenicol_acetyltransferases,CATB,RequiresSNPConfirmation,,,,,,,,,,,,,,,
MEG_1608,Drugs,Phenicol,Chloramphenicol_acetyltransferases,CATB,RequiresSNPConfirmation,,,,,,,,,,,,,,,
MEG_1609,Drugs,Phenicol,Chloramphenicol_acetyltransferases,CATB,RequiresSNPConfirmation,,,,,,,,,,,,,,,
MEG_1610,Drugs,Phenicol,Chloramphenicol_acetyltransferases,CATB,RequiresSNPConfirmation,,,,,,,,,,,,,,,
MEG_1611,Drugs,Phenicol,Chloramphenicol_acetyltransferases,CATB,RequiresSNPConfirmation,,,,,,,,,,,,,,,
MEG_1612,Drugs,Phenicol,Chloramphenicol_acetyltransferases,CATB,RequiresSNPConfirmation,,,,,,,,,,,,,,,
MEG_1613,Drugs,Phenicol,Chloramphenicol_acetyltransferases,CATB,RequiresSNPConfirmation,,,,,,,,,,,,,,,
MEG_1614,Drugs,Phenicol,Chloramphenicol_acetyltransferases,CATB,RequiresSNPConfirmation,,,,,,,,,,,,,,,
MEG_1615,Drugs,Phenicol,Chloramphenicol_acetyltransferases,CATB,RequiresSNPConfirmation,,,,,,,,,,,,,,,
MEG_1616,Drugs,Phenicol,Chloramphenicol_acetyltransferases,CATB,RequiresSNPConfirmation,,,,,,,,,,,,,,,
MEG_1617,Drugs,Phenicol,Chloramphenicol_acetyltransferases,CATB,RequiresSNPConfirmation,,,,,,,,,,,,,,,
MEG_1618,Drugs,Phenicol,Chloramphenicol_acetyltransferases,CATB,RequiresSNPConfirmation,,,,,,,,,,,,,,,
MEG_1619,Drugs,Phenicol,Chloramphenicol_acetyltransferases,CATB,RequiresSNPConfirmation,,,,,,,,,,,,,,,
MEG_1620,Drugs,Phenicol,Chloramphenicol_acetyltransferases,CATB,RequiresSNPConfirmation,,,,,,,,,,,,,,,
MEG_1621,Drugs,Phenicol,Chloramphenicol_acetyltransferases,CATB,RequiresSNPConfirmation,,,,,,,,,,,,,,,
MEG_1622,Drugs,Phenicol,Chloramphenicol_acetyltransferases,CATB,RequiresSNPConfirmation,,,,,,,,,,,,,,,
MEG_1623,Drugs,Phenicol,Chloramphenicol_acetyltransferases,CATB,RequiresSNPConfirmation,,,,,,,,,,,,,,,
MEG_1624,Drugs,Phenicol,Chloramphenicol_acetyltransferases,CATB,RequiresSNPConfirmation,,,,,,,,,,,,,,,
MEG_1625,Drugs,Phenicol,Chloramphenicol_acetyltransferases,CATB,RequiresSNPConfirmation,,,,,,,,,,,,,,,
MEG_1626,Drugs,Phenicol,Chloramphenicol_acetyltransferases,CATB,RequiresSNPConfirmation,,,,,,,,,,,,,,,
MEG_1627,Drugs,Phenicol,Chloramphenicol_acetyltransferases,CATB,RequiresSNPConfirmation,,,,,,,,,,,,,,,
MEG_1628,Drugs,Phenicol,Chloramphenicol_acetyltransferases,CATB,Must:H79,,,,,,,,,,,,,,,
MEG_1629,Drugs,Phenicol,Chloramphenicol_acetyltransferases,CATB,RequiresSNPConfirmation,,,,,,,,,,,,,,,
MEG_1630,Drugs,Phenicol,Chloramphenicol_acetyltransferases,CATB,RequiresSNPConfirmation,,,,,,,,,,,,,,,
MEG_1631,Drugs,Phenicol,Chloramphenicol_acetyltransferases,CATP,RequiresSNPConfirmation,,,,,,,,,,,,,,,
MEG_1632,Drugs,Phenicol,Chloramphenicol_acetyltransferases,CATP,RequiresSNPConfirmation,,,,,,,,,,,,,,,
MEG_2615,Drugs,Trimethoprim,Dihydrofolate_reductase,DHFR,RequiresSNPConfirmation,,,,,,,,,,,,,,,
MEG_2616,Drugs,Trimethoprim,Dihydrofolate_reductase,DHFR,RequiresSNPConfirmation,,,,,,,,,,,,,,,
MEG_2617,Drugs,Trimethoprim,Dihydrofolate_reductase,DHFR,RequiresSNPConfirmation,,,,,,,,,,,,,,,
MEG_2618,Drugs,Trimethoprim,Dihydrofolate_reductase,DHFR,RequiresSNPConfirmation,,,,,,,,,,,,,,,
MEG_2619,Drugs,Trimethoprim,Dihydrofolate_reductase,DHFR,RequiresSNPConfirmation,,,,,,,,,,,,,,,
MEG_2620,Drugs,Trimethoprim,Dihydrofolate_reductase,DHFR,RequiresSNPConfirmation,,,,,,,,,,,,,,,
MEG_2621,Drugs,Trimethoprim,Dihydrofolate_reductase,DHFR,RequiresSNPConfirmation,,,,,,,,,,,,,,,
MEG_2622,Drugs,Trimethoprim,Dihydrofolate_reductase,DHFR,RequiresSNPConfirmation,,,,,,,,,,,,,,,
MEG_2623,Drugs,Trimethoprim,Dihydrofolate_reductase,DHFR,RequiresSNPConfirmation,,,,,,,,,,,,,,,
MEG_2624,Drugs,Trimethoprim,Dihydrofolate_reductase,DHFR,RequiresSNPConfirmation,,,,,,,,,,,,,,,
MEG_2625,Drugs,Trimethoprim,Dihydrofolate_reductase,DHFR,RequiresSNPConfirmation,,,,,,,,,,,,,,,
MEG_2626,Drugs,Trimethoprim,Dihydrofolate_reductase,DHFR,RequiresSNPConfirmation,,,,,,,,,,,,,,,
MEG_2627,Drugs,Trimethoprim,Dihydrofolate_reductase,DHFR,RequiresSNPConfirmation,,,,,,,,,,,,,,,
MEG_2628,Drugs,Trimethoprim,Dihydrofolate_reductase,DHFR,RequiresSNPConfirmation,,,,,,,,,,,,,,,
MEG_2629,Drugs,Trimethoprim,Dihydrofolate_reductase,DHFR,RequiresSNPConfirmation,,,,,,,,,,,,,,,
MEG_2630,Drugs,Trimethoprim,Dihydrofolate_reductase,DHFR,RequiresSNPConfirmation,,,,,,,,,,,,,,,
MEG_2631,Drugs,Trimethoprim,Dihydrofolate_reductase,DHFR,RequiresSNPConfirmation,,,,,,,,,,,,,,,
MEG_2632,Drugs,Trimethoprim,Dihydrofolate_reductase,DHFR,RequiresSNPConfirmation,,,,,,,,,,,,,,,
MEG_2633,Drugs,Trimethoprim,Dihydrofolate_reductase,DHFR,RequiresSNPConfirmation,,,,,,,,,,,,,,,
MEG_2634,Drugs,Trimethoprim,Dihydrofolate_reductase,DHFR,RequiresSNPConfirmation,,,,,,,,,,,,,,,
MEG_2635,Drugs,Trimethoprim,Dihydrofolate_reductase,DHFR,RequiresSNPConfirmation,,,,,,,,,,,,,,,
MEG_2636,Drugs,Trimethoprim,Dihydrofolate_reductase,DHFR,RequiresSNPConfirmation,,,,,,,,,,,,,,,
MEG_2637,Drugs,Trimethoprim,Dihydrofolate_reductase,DHFR,RequiresSNPConfirmation,,,,,,,,,,,,,,,
MEG_2638,Drugs,Trimethoprim,Dihydrofolate_reductase,DHFR,RequiresSNPConfirmation,,,,,,,,,,,,,,,
MEG_2639,Drugs,Trimethoprim,Dihydrofolate_reductase,DHFR,RequiresSNPConfirmation,,,,,,,,,,,,,,,
MEG_2640,Drugs,Trimethoprim,Dihydrofolate_reductase,DHFR,RequiresSNPConfirmation,,,,,,,,,,,,,,,
MEG_2641,Drugs,Trimethoprim,Dihydrofolate_reductase,DHFR,RequiresSNPConfirmation,,,,,,,,,,,,,,,
MEG_2642,Drugs,Trimethoprim,Dihydrofolate_reductase,DHFR,RequiresSNPConfirmation,,,,,,,,,,,,,,,
MEG_2643,Drugs,Trimethoprim,Dihydrofolate_reductase,DHFR,RequiresSNPConfirmation,,,,,,,,,,,,,,,
MEG_2644,Drugs,Trimethoprim,Dihydrofolate_reductase,DHFR,RequiresSNPConfirmation,,,,,,,,,,,,,,,
MEG_2645,Drugs,Trimethoprim,Dihydrofolate_reductase,DHFR,RequiresSNPConfirmation,,,,,,,,,,,,,,,
MEG_2646,Drugs,Trimethoprim,Dihydrofolate_reductase,DHFR,RequiresSNPConfirmation,,,,,,,,,,,,,,,
MEG_2647,Drugs,Trimethoprim,Dihydrofolate_reductase,DHFRIII,RequiresSNPConfirmation,,,,,,,,,,,,,,,
MEG_2693,Drugs,Multi-drug_resistance,Multi-drug_ABC_efflux_pumps,EATAV,Reg:T450I,,,,,,,,,,,,,,,
MEG_2936,Drugs,Sulfonamides,Sulfonamide-resistant_dihydropteroate_synthases,FOLP,RequiresSNPConfirmation,,,,,,,,,,,,,,,
MEG_2939,Drugs,Sulfonamides,Sulfonamide-resistant_dihydropteroate_synthases,FOLP,RequiresSNPConfirmation,,,,,,,,,,,,,,,
MEG_2940,Drugs,Sulfonamides,Sulfonamide-resistant_dihydropteroate_synthases,FOLP,RequiresSNPConfirmation,,,,,,,,,,,,,,,
MEG_2941,Drugs,Sulfonamides,Sulfonamide-resistant_dihydropteroate_synthases,FOLP,RequiresSNPConfirmation,,,,,,,,,,,,,,,
MEG_2942,Drugs,Sulfonamides,Sulfonamide-resistant_dihydropteroate_synthases,FOLP,RequiresSNPConfirmation,,,,,,,,,,,,,,,
MEG_2944,Drugs,Sulfonamides,Sulfonamide-resistant_dihydropteroate_synthases,FOLP,RequiresSNPConfirmation,,,,,,,,,,,,,,,
MEG_2946,Drugs,Sulfonamides,Sulfonamide-resistant_dihydropteroate_synthases,FOLP,RequiresSNPConfirmation,,,,,,,,,,,,,,,
MEG_2952,Drugs,Sulfonamides,Sulfonamide-resistant_dihydropteroate_synthases,FOLP,RequiresSNPConfirmation,,,,,,,,,,,,,,,
MEG_2953,Drugs,Sulfonamides,Sulfonamide-resistant_dihydropteroate_synthases,FOLP,Reg:R228S,,,,,,,,,,,,,,,
MEG_2954,Drugs,Sulfonamides,Sulfonamide-resistant_dihydropteroate_synthases,FOLP,RequiresSNPConfirmation,,,,,,,,,,,,,,,
MEG_2957,Drugs,Sulfonamides,Sulfonamide-resistant_dihydropteroate_synthases,FOLP,RequiresSNPConfirmation,,,,,,,,,,,,,,,
MEG_2958,Drugs,Sulfonamides,Sulfonamide-resistant_dihydropteroate_synthases,FOLP,RequiresSNPConfirmation,,,,,,,,,,,,,,,
MEG_2963,Drugs,Sulfonamides,Sulfonamide-resistant_dihydropteroate_synthases,FOLP,RequiresSNPConfirmation,,,,,,,,,,,,,,,
MEG_2964,Drugs,Sulfonamides,Sulfonamide-resistant_dihydropteroate_synthases,FOLP,RequiresSNPConfirmation,,,,,,,,,,,,,,,
MEG_2965,Drugs,Sulfonamides,Sulfonamide-resistant_dihydropteroate_synthases,FOLP,RequiresSNPConfirmation,,,,,,,,,,,,,,,
MEG_2967,Drugs,Sulfonamides,Sulfonamide-resistant_dihydropteroate_synthases,FOLP,RequiresSNPConfirmation,,,,,,,,,,,,,,,
MEG_2969,Drugs,Sulfonamides,Sulfonamide-resistant_dihydropteroate_synthases,FOLP,RequiresSNPConfirmation,,,,,,,,,,,,,,,
MEG_3188,Drugs,Fluoroquinolones,Fluoroquinolone-resistant_DNA_topoisomerases,GYRA,RequiresSNPConfirmation,,,,,,,,,,,,,,,
MEG_3195,Drugs,Fluoroquinolones,Fluoroquinolone-resistant_DNA_topoisomerases,GYRA,RequiresSNPConfirmation,,,,,,,,,,,,,,,
MEG_3196,Drugs,Fluoroquinolones,Fluoroquinolone-resistant_DNA_topoisomerases,GYRA,RequiresSNPConfirmation,,,,,,,,,,,,,,,
MEG_3197,Drugs,Fluoroquinolones,Fluoroquinolone-resistant_DNA_topoisomerases,GYRA,RequiresSNPConfirmation,,,,,,,,,,,,,,,
MEG_3200,Drugs,Fluoroquinolones,Fluoroquinolone-resistant_DNA_topoisomerases,GYRA,Reg:S84RIY,Reg:E88K,,,,,,,,,,,,,,
MEG_3203,Drugs,Fluoroquinolones,Fluoroquinolone-resistant_DNA_topoisomerases,GYRA,Reg:D83C,Reg:S84Y,Reg:D88YN,,,,,,,,,,,,,
MEG_3204,Drugs,Fluoroquinolones,Fluoroquinolone-resistant_DNA_topoisomerases,GYRA,Reg:G85C,Reg:N87KYIR,Reg:A88V,Reg:D91NGYMCA,Reg:A129T,Reg:D155N,Mult:Reg:R140K;Reg:D192N,,,,,,,,,
MEG_3206,Drugs,Fluoroquinolones,Fluoroquinolone-resistant_DNA_topoisomerases,GYRA,Reg:S95FY,,,,,,,,,,,,,,,
MEG_3208,Drugs,Fluoroquinolones,Fluoroquinolone-resistant_DNA_topoisomerases,GYRA,Reg:S83I,,,,,,,,,,,,,,,
MEG_3210,Drugs,Fluoroquinolones,Fluoroquinolone-resistant_DNA_topoisomerases,GYRA,RequiresSNPConfirmation,,,,,,,,,,,,,,,
MEG_3213,Drugs,Fluoroquinolones,Fluoroquinolone-resistant_DNA_topoisomerases,GYRA,RequiresSNPConfirmation,,,,,,,,,,,,,,,
MEG_3214,Drugs,Fluoroquinolones,Fluoroquinolone-resistant_DNA_topoisomerases,GYRA,RequiresSNPConfirmation,,,,,,,,,,,,,,,
MEG_3216,Drugs,Fluoroquinolones,Fluoroquinolone-resistant_DNA_topoisomerases,GYRA,Mult:Reg:S83I;Reg:D87N,,,,,,,,,,,,,,,
MEG_3219,Drugs,Fluoroquinolones,Fluoroquinolone-resistant_DNA_topoisomerases,GYRA,Reg:D81N,Reg:T82IV,Reg:A92E,Reg:A118SVT,Reg:A384D,,,,,,,,,,,
MEG_3224,Drugs,Fluoroquinolones,Fluoroquinolone-resistant_DNA_topoisomerases,GYRA,Reg:G81DC,Reg:S83IR,,,,,,,,,,,,,,
MEG_3226,Drugs,Fluoroquinolones,Fluoroquinolone-resistant_DNA_topoisomerases,GYRA,Reg:T83I,Reg:D87NG,,,,,,,,,,,,,,
MEG_3231,Drugs,Fluoroquinolones,Fluoroquinolone-resistant_DNA_topoisomerases,GYRA,Reg:D87G,,,,,,,,,,,,,,,
MEG_3247,Drugs,Aminocoumarins,Aminocoumarin-resistant_DNA_topoisomerases,GYRBA,RequiresSNPConfirmation,,,,,,,,,,,,,,,
MEG_3248,Drugs,Aminocoumarins,Aminocoumarin-resistant_DNA_topoisomerases,GYRBA,RequiresSNPConfirmation,,,,,,,,,,,,,,,
MEG_3249,Drugs,Aminocoumarins,Aminocoumarin-resistant_DNA_topoisomerases,GYRBA,RequiresSNPConfirmation,,,,,,,,,,,,,,,
MEG_3250,Drugs,Aminocoumarins,Aminocoumarin-resistant_DNA_topoisomerases,GYRBA,RequiresSNPConfirmation,,,,,,,,,,,,,,,
MEG_3594,Drugs,Multi-drug_resistance,Multi-drug_ABC_efflux_pumps,LMRA,RequiresSNPConfirmation,,,,,,,,,,,,,,,
MEG_3740,Drugs,Multi-drug_resistance,MDR_23S_rRNA_mutation,MDR23S,Nuc:A2071CGT,Nuc:A2072GC,,,,,,,,,,,,,,
MEG_3931,Multi-compound,Drug_and_biocide_resistance,Drug_and_biocide_RND_efflux_regulator,MEXS,FS-pump_repressor,Reg:D44E,Reg:S60FP,Reg:V73A,Reg:V104A,Reg:A166P,Reg:F185L,Reg:C245G,Reg:F253L,Reg:L263Q,Reg:L270Q,,,,,
MEG_3932,Multi-compound,Drug_and_biocide_resistance,Drug_and_biocide_RND_efflux_regulator,MEXT,RequiresSNPConfirmation,,,,,,,,,,,,,,,
MEG_3933,Multi-compound,Drug_and_biocide_resistance,Drug_and_biocide_RND_efflux_regulator,MEXT,RequiresSNPConfirmation,,,,,,,,,,,,,,,
MEG_3941,Multi-compound,Drug_and_biocide_resistance,Drug_and_biocide_RND_efflux_regulator,MEXZ,Reg:T177I,,,,,,,,,,,,,,,
MEG_3975,Drugs,MLS,Macrolide-resistant_23S_rRNA_mutation,MLS23S,Nuc:A2283GC,Nuc:A2284G,,,,,,,,,,,,,,
MEG_3976,Drugs,MLS,Macrolide-resistant_23S_rRNA_mutation,MLS23S,Nuc:A1414G,Nuc:C1711T,Nuc:A2146GCT,Nuc:A2147CG,Nuc:A2148G,Nuc:A2171G,Nuc:C2926T,NucMult:Nuc:C2252T;Nuc:G2291A,,,,,,,,
MEG_3977,Drugs,MLS,Macrolide-resistant_23S_rRNA_mutation,MLS23S,Nuc:G2032A,Nuc:A2058GT,,,,,,,,,,,,,,
MEG_3978,Drugs,MLS,Macrolide-resistant_23S_rRNA_mutation,MLS23S,Nuc:G546A,Nuc:T827A,,,,,,,,,,,,,,
MEG_3979,Drugs,MLS,Macrolide-resistant_23S_rRNA_mutation,MLS23S,Nuc:G270A,MustNuc:A271,Nuc:T823C,MustNuc:T825,,,,,,,,,,,,
MEG_3980,Drugs,MLS,Macrolide-resistant_23S_rRNA_mutation,MLS23S,Nuc:A2271CG,Nuc:A2272G,,,,,,,,,,,,,,
MEG_3981,Drugs,MLS,Macrolide-resistant_23S_rRNA_mutation,MLS23S,Nuc:T1718C,Nuc:C1719T,Nuc:G276AC,,,,,,,,,,,,,
MEG_3982,Drugs,MLS,Macrolide-resistant_23S_rRNA_mutation,MLS23S,Nuc:A2270GCT,Nuc:A2271GC,,,,,,,,,,,,,,
MEG_3983,Drugs,MLS,Macrolide-resistant_23S_rRNA_mutation,MLS23S,MustNuc:T830,,,,,,,,,,,,,,,
MEG_3984,Drugs,MLS,Macrolide-resistant_23S_rRNA_mutation,MLS23S,Nuc:A2279CGT,Nuc:A2280CG,,,,,,,,,,,,,,
MEG_3985,Drugs,MLS,Macrolide-resistant_23S_rRNA_mutation,MLS23S,Nuc:A2266CGT,Nuc:A2267CG,,,,,,,,,,,,,,
MEG_3986,Drugs,MLS,Macrolide-resistant_23S_rRNA_mutation,MLS23S,Nuc:T2262C,Nuc:A2107G,Nuc:A2108C,Nuc:A2109GC,,,,,,,,,,,,
MEG_3987,Drugs,MLS,Macrolide-resistant_23S_rRNA_mutation,MLS23S,Nuc:A2074CGT,Nuc:A2075G,,,,,,,,,,,,,,
MEG_3988,Drugs,MLS,Macrolide-resistant_23S_rRNA_mutation,MLS23S,Nuc:C658T,,,,,,,,,,,,,,,
MEG_3989,Drugs,MLS,Macrolide-resistant_23S_rRNA_mutation,MLS23S,Nuc:A2063G,Nuc:A2064G,Nuc:C2617G,,,,,,,,,,,,,
MEG_3990,Drugs,MLS,Macrolide-resistant_23S_rRNA_mutation,MLS23S,Nuc:A2303G,,,,,,,,,,,,,,,
MEG_3991,Drugs,MLS,Macrolide-resistant_23S_rRNA_mutation,MLS23S,Nuc:T838CA,,,,,,,,,,,,,,,
MEG_3992,Drugs,MLS,Macrolide-resistant_23S_rRNA_mutation,MLS23S,Nuc:A2061G,Nuc:A2062G,Nuc:A2065C,Nuc:C2614AG,,,,,,,,,,,,
MEG_3993,Drugs,MLS,Macrolide-resistant_23S_rRNA_mutation,MLS23S,Nuc:A2265CT,,,,,,,,,,,,,,,
MEG_3994,Drugs,MLS,Macrolide-resistant_23S_rRNA_mutation,MLS23S,RequiresSNPConfirmation,,,,,,,,,,,,,,,
MEG_4087,Multi-compound,Drug_and_biocide_resistance,Drug_and_biocide_MFS_efflux_regulator,MTRR,Reg:A39T,Reg:G45D,Reg:E202G,,,,,,,,,,,,,
MEG_4093,Drugs,Fosfomycin,Fosfomycin_target_mutation,MURA,Must:D119,,,,,,,,,,,,,,,
MEG_4109,Drugs,Multi-drug_resistance,Multi-drug_RND_efflux_pumps,NALC,Reg:G71E,Reg:R97G,Mult:Reg:E72K;Reg:D75H;Reg:A85D,Mult:Reg:P105A;Reg:P122L;Reg:S141N,Mult:Reg:T100K;Reg:L110P,Mult:Reg:E204G;Reg:H205N,,,,,,,,,,
MEG_4110,Drugs,Multi-drug_resistance,Multi-drug_RND_efflux_regulator,NALD,FS-pump_repressor,Reg:S32N,Reg:T158I,,,,,,,,,,,,,
MEG_4161,Drugs,Multi-drug_resistance,Multi-drug_RND_efflux_pumps,NFXB,FS-pump_repressor,Reg:H87R,Reg:R82L,Non:E31*,Non:R23*,Reg:R42G,,,,,,,,,,
MEG_4223,Drugs,Oxazolidinone,Oxazolidinone-resistant_23S_rRNA_mutation,O23S,Nuc:C2579T,Nuc:G2604T,,,,,,,,,,,,,,
MEG_4279,Drugs,betalactams,Mutant_porin_proteins,OMP36,Must:D133,Must:G189,Must:E205,Must:Y230,Must:F231,Must:S234,Must:Y235,Must:Q236,Must:R237,Must:T238,Must:D279,,,,,
MEG_4280,Drugs,betalactams,Mutant_porin_proteins,OMP36,Must:G189,Must:Y190,Must:S227,Must:V228,Must:N229,Must:R231,Must:Y232,Must:T233,Must:D234,Must:S235,Must:N236,Must:V238,Must:S239,Must:R240,Must:R241,Must:I280
MEG_4281,Drugs,betalactams,Mutant_porin_proteins,OMP36,Must:G189,Must:E205,Must:Y230,Must:F231,Must:S234,Must:Y235,Must:Q236,Must:R237,Must:T238,Must:D279,,,,,,
MEG_4282,Drugs,betalactams,Mutant_porin_proteins,OMP36,Must:Y51,Must:D133,Must:G189,Must:E205,Must:Y230,Must:F231,Must:S234,Must:Y235,Must:R236,Must:R237,Must:T238,Must:D279,,,,
MEG_4286,Drugs,Multi-drug_resistance,MDR_mutant_porin_proteins,OMPF,RequiresSNPConfirmation,,,,,,,,,,,,,,,
MEG_4287,Drugs,Multi-drug_resistance,MDR_mutant_porin_proteins,OMPF,RequiresSNPConfirmation,,,,,,,,,,,,,,,
MEG_4288,Drugs,Multi-drug_resistance,MDR_mutant_porin_proteins,OMPF,RequiresSNPConfirmation,,,,,,,,,,,,,,,
MEG_5322,Drugs,Pactamycin,Pactamycin-resistant_16S_ribosomal_subunit_protein,P16S,Nuc:A633G,Nuc:C734T,Nuc:C735T,,,,,,,,,,,,,
MEG_5323,Drugs,Pleuromutilin,Pleuromutilin-resistant_23S_rRNA_mutation,P23S,Nuc:C2069A,Nuc:G2461T,Nuc:A2517T,Nuc:T2518G,Nuc:A2586T,,,,,,,,,,,
MEG_5338,Drugs,Fluoroquinolones,Fluoroquinolone-resistant_DNA_topoisomerases,PARC,RequiresSNPConfirmation,,,,,,,,,,,,,,,
MEG_5339,Drugs,Fluoroquinolones,Fluoroquinolone-resistant_DNA_topoisomerases,PARC,Reg:S88FYL,Reg:D92NYG,,,,,,,,,,,,,,
MEG_5341,Drugs,Fluoroquinolones,Fluoroquinolone-resistant_DNA_topoisomerases,PARC,Reg:S82IRL,,,,,,,,,,,,,,,
MEG_5343,Drugs,Fluoroquinolones,Fluoroquinolone-resistant_DNA_topoisomerases,PARC,Reg:S82IR,Reg:E86KT,,,,,,,,,,,,,,
MEG_5346,Drugs,Fluoroquinolones,Fluoroquinolone-resistant_DNA_topoisomerases,PARC,Reg:S84IRF,,,,,,,,,,,,,,,
MEG_5349,Drugs,Fluoroquinolones,Fluoroquinolone-resistant_DNA_topoisomerases,PARC,RequiresSNPConfirmation,,,,,,,,,,,,,,,
MEG_5351,Drugs,Fluoroquinolones,Fluoroquinolone-resistant_DNA_topoisomerases,PARC,Reg:D86N,Reg:S87RI,Reg:E91G,,,,,,,,,,,,,
MEG_5357,Drugs,Fluoroquinolones,Fluoroquinolone-resistant_DNA_topoisomerases,PARC,Reg:S87LW,,,,,,,,,,,,,,,
MEG_5360,Drugs,Fluoroquinolones,Fluoroquinolone-resistant_DNA_topoisomerases,PARC,RequiresSNPConfirmation,,,,,,,,,,,,,,,
MEG_5364,Drugs,Aminocoumarins,Aminocoumarin-resistant_DNA_topoisomerases,PARE,RequiresSNPConfirmation,,,,,,,,,,,,,,,
MEG_5370,Drugs,Aminocoumarins,Aminocoumarin-resistant_DNA_topoisomerases,PARE,RequiresSNPConfirmation,,,,,,,,,,,,,,,
MEG_5371,Drugs,Aminocoumarins,Aminocoumarin-resistant_DNA_topoisomerases,PARE,RequiresSNPConfirmation,,,,,,,,,,,,,,,
MEG_5373,Drugs,Aminocoumarins,Aminocoumarin-resistant_DNA_topoisomerases,PARE,RequiresSNPConfirmation,,,,,,,,,,,,,,,
MEG_5375,Drugs,Aminocoumarins,Aminocoumarin-resistant_DNA_topoisomerases,PARE,RequiresSNPConfirmation,,,,,,,,,,,,,,,
MEG_5377,Drugs,Aminocoumarins,Aminocoumarin-resistant_DNA_topoisomerases,PARE,RequiresSNPConfirmation,,,,,,,,,,,,,,,
MEG_5378,Drugs,Aminocoumarins,Aminocoumarin-resistant_DNA_topoisomerases,PARE,RequiresSNPConfirmation,,,,,,,,,,,,,,,
MEG_5380,Drugs,Aminocoumarins,Aminocoumarin-resistant_DNA_topoisomerases,PARE,RequiresSNPConfirmation,,,,,,,,,,,,,,,
MEG_5386,Drugs,Aminocoumarins,Aminocoumarin-resistant_DNA_topoisomerases,PARE,RequiresSNPConfirmation,,,,,,,,,,,,,,,
MEG_5389,Drugs,Aminocoumarins,Aminocoumarin-resistant_DNA_topoisomerases,PARE,RequiresSNPConfirmation,,,,,,,,,,,,,,,
MEG_5392,Drugs,Aminocoumarins,Aminocoumarin-resistant_DNA_topoisomerases,PARE,RequiresSNPConfirmation,,,,,,,,,,,,,,,
MEG_5405,Drugs,betalactams,Penicillin_binding_protein,PBP2,RequiresSNPConfirmation,,,,,,,,,,,,,,,
MEG_5779,Drugs,Lipopeptides,Daptomycin-resistant_mutant,PGSA,RequiresSNPConfirmation,,,,,,,,,,,,,,,
MEG_5781,Drugs,Phenicol,Phenicol-resistant_23S_rRNA_mutation,PH23S,Nuc:A2088C,Nuc:C2471T,,,,,,,,,,,,,,
MEG_5782,Multi-compound,Drug_and_biocide_resistance,Drug_and_biocide_ABC_efflux_regulator,PHOB,RequiresSNPConfirmation,,,,,,,,,,,,,,,
MEG_6092,Drugs,Rifampin,Rifampin-resistant_beta-subunit_of_RNA_polymerase_RpoB,RPOB,Must:M414,Must:Y464,Must:R430,Must:A434,Must:S435,Must:N438,Must:M484,Must:Y486,,,,,,,,
MEG_6093,Drugs,Rifampin,Rifampin-resistant_beta-subunit_of_RNA_polymerase_RpoB,RPOB,RequiresSNPConfirmation,,,,,,,,,,,,,,,
MEG_6096,Drugs,Rifampin,Rifampin-resistant_beta-subunit_of_RNA_polymerase_RpoB,RPOB,RequiresSNPConfirmation,,,,,,,,,,,,,,,
MEG_6102,Drugs,Rifampin,Rifampin-resistant_beta-subunit_of_RNA_polymerase_RpoB,RPOB,RequiresSNPConfirmation,,,,,,,,,,,,,,,
MEG_6103,Drugs,Rifampin,Rifampin-resistant_beta-subunit_of_RNA_polymerase_RpoB,RPOB,RequiresSNPConfirmation,,,,,,,,,,,,,,,
MEG_6104,Drugs,Rifampin,Rifampin-resistant_beta-subunit_of_RNA_polymerase_RpoB,RPOB,RequiresSNPConfirmation,,,,,,,,,,,,,,,
MEG_6113,Drugs,Rifampin,Rifampin-resistant_beta-subunit_of_RNA_polymerase_RpoB,RPOB,RequiresSNPConfirmation,,,,,,,,,,,,,,,
MEG_6116,Drugs,Rifampin,Rifampin-resistant_beta-subunit_of_RNA_polymerase_RpoB,RPOB,RequiresSNPConfirmation,,,,,,,,,,,,,,,
MEG_6119,Drugs,Rifampin,Rifampin-resistant_beta-subunit_of_RNA_polymerase_RpoB,RPOB,RequiresSNPConfirmation,,,,,,,,,,,,,,,
MEG_6120,Drugs,Rifampin,Rifampin-resistant_beta-subunit_of_RNA_polymerase_RpoB,RPOB,Reg:H502NYL,Reg:R505K,Reg:S488P,Reg:D492NV,Reg:S550YF,Reg:S575A,,,,,,,,,,
MEG_6127,Drugs,Rifampin,Rifampin-resistant_beta-subunit_of_RNA_polymerase_RpoB,RPOB,RequiresSNPConfirmation,,,,,,,,,,,,,,,
MEG_6129,Drugs,Rifampin,Rifampin-resistant_beta-subunit_of_RNA_polymerase_RpoB,RPOB,RequiresSNPConfirmation,,,,,,,,,,,,,,,
MEG_6145,Drugs,Aminoglycosides,Aminoglycoside-resistant_16S_ribosomal_subunit_protein,RRSA,Nuc:T130C,,,,,,,,,,,,,,,
MEG_6146,Drugs,Aminoglycosides,Aminoglycoside-resistant_16S_ribosomal_subunit_protein,RRSC,Nuc:A794GT,Nuc:G926TAC,Nuc:A1519CGT,,,,,,,,,,,,,
MEG_6147,Drugs,Aminoglycosides,Aminoglycoside-resistant_16S_ribosomal_subunit_protein,RRSH,Nuc:C1192T,,,,,,,,,,,,,,,
MEG_6963,Drugs,Tetracyclines,Tetracycline-resistant_16S_ribosomal_subunit_protein,TET16S,Nuc:T570G,Nuc:T572C,NucDel:C595-,,,,,,,,,,,,,
MEG_6964,Drugs,Tetracyclines,Tetracycline-resistant_16S_ribosomal_subunit_protein,TET16S,Nuc:G1032C,,,,,,,,,,,,,,,
MEG_7185,Drugs,Tetracyclines,Tetracycline_transcriptional_repressor,TETR,RequiresSNPConfirmation,,,,,,,,,,,,,,,
MEG_7186,Drugs,Tetracyclines,Tetracycline_transcriptional_repressor,TETR,RequiresSNPConfirmation,,,,,,,,,,,,,,,
MEG_7187,Drugs,Tetracyclines,Tetracycline_transcriptional_repressor,TETR,RequiresSNPConfirmation,,,,,,,,,,,,,,,
MEG_7188,Drugs,Tetracyclines,Tetracycline_transcriptional_repressor,TETR,RequiresSNPConfirmation,,,,,,,,,,,,,,,
MEG_7189,Drugs,Tetracyclines,Tetracycline_transcriptional_repressor,TETR,RequiresSNPConfirmation,,,,,,,,,,,,,,,
MEG_7190,Drugs,Tetracyclines,Tetracycline_transcriptional_repressor,TETR,RequiresSNPConfirmation,,,,,,,,,,,,,,,
MEG_7191,Drugs,Tetracyclines,Tetracycline_transcriptional_repressor,TETR,RequiresSNPConfirmation,,,,,,,,,,,,,,,
MEG_7192,Drugs,Tetracyclines,Tetracycline_transcriptional_repressor,TETR,RequiresSNPConfirmation,,,,,,,,,,,,,,,
MEG_7193,Drugs,Tetracyclines,Tetracycline_transcriptional_repressor,TETR,RequiresSNPConfirmation,,,,,,,,,,,,,,,
MEG_7194,Drugs,Tetracyclines,Tetracycline_transcriptional_repressor,TETR,RequiresSNPConfirmation,,,,,,,,,,,,,,,
MEG_7195,Drugs,Tetracyclines,Tetracycline_transcriptional_repressor,TETR,RequiresSNPConfirmation,,,,,,,,,,,,,,,
MEG_7196,Drugs,Tetracyclines,Tetracycline_resistance_MFS_efflux_regulator,TETRM,Must:H65,Must:T66,Must:E72,Must:N83,Must:A84,Must:A90,Must:H94,Must:V100,Must:H101,Must:G103,Must:T104,Must:P106,Must:E107,,,
MEG_7197,Drugs,Tetracyclines,Tetracycline_resistance_MFS_efflux_regulator,TETRM,RequiresSNPConfirmation,,,,,,,,,,,,,,,
MEG_7307,Drugs,Elfamycins,EF-Tu_inhibition,TUFAB,RequiresSNPConfirmation,,,,,,,,,,,,,,,
MEG_7311,Drugs,Elfamycins,EF-Tu_inhibition,TUFAB,RequiresSNPConfirmation,,,,,,,,,,,,,,,
MEG_7840,Drugs,Lipopeptides,Defensin-resistant_mutant,YKKCL,RequiresSNPConfirmation,,,,,,,,,,,,,,,
