MEG_1,Drugs,Aminoglycosides,Aminoglycoside-resistant_16S_ribosomal_subunit_protein,A16S,Nuc:A1192G_GGATG_CGTCA,Nuc:C1193GT_GATGA_GTCAA,Nuc:G1194C_ATGAC_TCAAG
MEG_2,Drugs,Aminoglycosides,Aminoglycoside-resistant_16S_ribosomal_subunit_protein,A16S,Nuc:G354A_TTGAC_TCATC,Nuc:G480A_GAGCT_ACGAC
MEG_3,Drugs,Aminoglycosides,Aminoglycoside-resistant_16S_ribosomal_subunit_protein,A16S,Nuc:A514C_CCAGC_GCCGC,Nuc:A1401G_CCGTC_CGTCA,Nuc:G1484T_GGGAC_AAGTC
MEG_4,Drugs,Aminoglycosides,Aminoglycoside-resistant_16S_ribosomal_subunit_protein,A16S,Nuc:C1198T_GATGA_GTCAA
MEG_5,Drugs,Aminoglycosides,Aminoglycoside-resistant_16S_ribosomal_subunit_protein,A16S,Nuc:T1373A_GCCCG_CACGT,Nuc:A1375G_CCGTC_CGTCA,Nuc:C1376T_CGTCA_GTCAT,Nuc:G1455A_ATTGG_ACGAA,Nuc:G1458T_GGGAC_AAGTC
MEG_6,Drugs,Aminoglycosides,Aminoglycoside-resistant_16S_ribosomal_subunit_protein,A16S,Nuc:C1194G_GATGA_GTCAA
MEG_7,Drugs,Aminoglycosides,Aminoglycoside-resistant_16S_ribosomal_subunit_protein,A16S,Nuc:G1065C_CTGTC_TCAGC
MEG_8,Drugs,Aminoglycosides,Aminoglycoside-resistant_16S_ribosomal_subunit_protein,A16S,Nuc:T14G_AGAGT_TGATC,Nuc:A474C_CCAGC_GCCGC,Nuc:C856T_AAACT_AAAGG,Nuc:A858C_ACTCA_AGGAA,Nuc:A859G_CTCAA_GGAAT
MEG_9,Drugs,Aminoglycosides,Aminoglycoside-resistant_16S_ribosomal_subunit_protein,A16S,Nuc:C502T_GCCAG_AGCCG,Nuc:A503C_CCAGC_GCCGC,Nuc:G504C_CAGCA_CCGCG,Nuc:C506T_GCAGC_GCGGT
MEG_10,Drugs,Aminoglycosides,Aminoglycoside-resistant_16S_ribosomal_subunit_protein,A16S,Nuc:A1401G_CCGTC_CACCA
MEG_11,Drugs,Aminoglycosides,Aminoglycoside-resistant_16S_ribosomal_subunit_protein,A16S,Nuc:T1353A_GCCCG_CACGT,Nuc:A1355G_CCGTC_CGTCA,Nuc:C1356T_CGTCA_GTCAT,Nuc:G1438T_GGGAC_AAG
MEG_12,Drugs,Aminoglycosides,Aminoglycoside-resistant_16S_ribosomal_subunit_protein,A16S,Nuc:T1348C_GCCCG_CACGT,Nuc:C1439T_GAAGT_GTAAC,Nuc:T1441C_AGTCG_AACAA
MEG_411,Multi-compound,Drug_and_biocide_resistance,Drug_and_biocide_RND_efflux_regulator,ACRR,FS-pump_repressor,Mis:R45CP_AAGVT_GAIYW,Mis:P85Q_KFPGD_LSVLR,Mult:Mis:L204R_LEMYL_CPTLR;Del:C205_EMYLL_PTLRN
MEG_413,Multi-compound,Drug_and_biocide_resistance,Drug_and_biocide_RND_efflux_regulator,ACRR,FS-pump_repressor
MEG_414,Multi-compound,Drug_and_biocide_resistance,Drug_and_biocide_RND_efflux_regulator,ACRR,FS-pump_repressor,Mis:M109I_ERRRL_MEIIY,Mult:Mis:Y114F_MMEII_HKCEF;Mis:V165I_TRRAA_LMRSY
MEG_1187,Multi-compound,Drug_and_biocide_resistance,Drug_and_biocide_RND_efflux_pumps,AXYZ,Mis:V29G_FLSKG_ASTTM,Mis:R105S_EGSVQ_VLEIL
MEG_1197,Drugs,Cationic_antimicrobial_peptides,Polymyxin_B_resistance_regulator,BASRS,Mis:L71R_LRHQG_LTPVL,Mis:L157Q_PREYA_LRLLL
MEG_1490,Drugs,Cationic_antimicrobial_peptides,Cationic_peptide-resistant_16S_ribosomal_subunit_protein,CAP16S,Nuc:A1499G_GTCGT_ACAAG,Nuc:T1506A_CAAGG_AACCG
MEG_1628,Drugs,Phenicol,Chloramphenicol_acetyltransferases,CATB,Must:Amino:H79_AGNQG_KYDWI
MEG_1642,Drugs,Lipopeptides,Daptomycin-resistant_mutant,CDSA,Mis:D222N_AGQFG_LIESA
MEG_1730,Drugs,Lipopeptides,Daptomycin-resistant_mutant,CLS,Mis:A23V_SIFIG_FILNL,Mis:T33N_LLFAF_IIFME,Mis:L52F_AWLLV_VFLPL,Mis:F60S_LPLFG_ILYLL
MEG_1731,Drugs,Lipopeptides,Daptomycin-resistant_mutant,CLS,Mis:H215R_FRLNY_DHRKI,Mis:R218Q_NYHDH_KIVVI,Mis:R267H_SLLQM_FLMDW,Del:K59/60/61_RGLTD_FYLQQ,Mult:Del:N74/77_LRELE_FQEES;Del:F75/78_RELEN_QEESF;Del:Q76/79_ELENF_EESFE
MEG_1732,Drugs,Lipopeptides,Daptomycin-resistant_mutant,CLS,Mis:N13IST_ALYLL_ALIAL,Mis:A20D_LIALV_ILIKP,Mis:D27N_LIKPR_VAAIW,Mis:K59N_RGLTD_KKFYL,Mis:G178T_LYDAF_SHGTK,Mis:H215R_FRLNY_DHRKI,Mis:R218Q_NYHDH_KIVVI,Mis:R267H_SLLQL_FLTDW,Ins:MPL108/111_SSLNR_TRMNS
MEG_2572,Drugs,Trimethoprim,Dihydrofolate_reductase,DFRC,Mis:F98Y_GGQTL_EAMID
MEG_2573,Drugs,Trimethoprim,Dihydrofolate_reductase,DFRC,Mis:F98Y_GGQTL_EAMID
MEG_2693,Drugs,Multi-drug_resistance,Multi-drug_ABC_efflux_pumps,EATAV,Mis:T450I_PAELY_WDEPL
MEG_2694,Drugs,Multi-drug_resistance,Multi-drug_ABC_efflux_pumps,EATAV,Must:Amino:I450_PAELY_WDEPL
MEG_2709,Drugs,Mycobacterium_tuberculosis-specific_Drug,Ethambutol_resistant_arabinosyltransferase,EMBA,Mis:D4N_MPH_GNERS,Mis:G5S_MPHD_NERSH,Mis:A201T_ITTPG_LKKAV,Mis:G321S_AVSTA_VWMRL,Mis:G350D_RRLGP_PGGLA,Mis:A462V_AVLAA_LSLIT,Mis:D833A_LPFGL_PARTP,Mis:P913S_LGQVF_IDIGP
MEG_2710,Drugs,Mycobacterium_tuberculosis-specific_Drug,Ethambutol_resistant_arabinosyltransferase,EMBB,FS-miscellaneous,Mis:N13S_RKSTP_RAILG,Mis:S22C_LGAFA_ARGTR,Mis:L239P_IALWR_DQLDG,Mis:D240H_ALWRL_QLDGR,Mis:V282G_TLTDA_VIFGF,Mis:F285L_DAVVI_GFLLW,Mis:N296H_HVIGA_SSDDG,Mis:S297A_VIGAN_SDDGY,Mis:D299E_GANSS_DGYIL,Mis:M306ILTV_GYILG_ARVAD,Mis:D311H_MARVA_HAGYM,Mis:Y319CNS_GYMSN_FRWFG,Mis:D328GHY_FGSPE_PFGWY,Mis:F330SV_SPEDP_GWYYN,Mis:Y333C_DPFGW_YNLLA,Mis:Y334H_PFGWY_NLLAL,Mis:A356V_RLPDL_AGLVC,Mis:A357S_LPDLA_GLVCW,Mis:P375A_LPRLG_AVEAS,Mis:N399H_AWMPF_NGLRP,Mis:L402V_PFNNG_RPEGI,Mis:G406ACDS_GLRPE_IIALG,Mis:A439T_AVVTA_FTLGV,Mis:A454T_LIAVA_LVAGG,Mis:R460C_LVAGG_PMLRI,Mis:Q497KR_VVFAD_TLSTV,Mis:T630I_RMAFL_ALFFL,Mis:G745D_VRAFV_GCGLA,Mis:D959A_SLTPE_WIAVT,Mis:M1000R_PCQQP_LHANG,Mis:H1002R_QQPML_ANGIA
MEG_2712,Drugs,Mycobacterium_tuberculosis-specific_Drug,Ethambutol_resistant_arabinosyltransferase,EMBC,Mis:L251R_VALHI_DTADG,Mis:A254G_HILDT_DGMRH,Mis:I297LT_SDDGY_LTMAR,Mis:E305D_MARVS_HAGYM,Mis:N394D_WLPLD_GLRPE,Mis:P398S_DNGLR_EPIIA,Mis:I406V_IIALG_LLTWC,Mis:Q491R_PIFRD_TFAGE,Mis:L502P_IQANL_KRAVG,Mis:R738Q_AWSVG_SNLQA,Mis:V981L_GAADP_FLDWL,Mis:V987G_FLDWL_GLAFP,Mult:Mis:T270I_ARWWS_GGLDT;Mis:Y296H_TSDDG_ILTMA;Mis:G308D_VSEHA_YMANY;Mis:G325S_PEAPF_WYYDL,Mult:Mis:G272S_WWSTG_LDTLV;Mis:H285Y_VLVWW_FVGAN;Mis:M300R_GYILT_ARVSE;Mis:A307T_RVSEH_GYMAN,Mult:Mis:V287F_VWWHF_GANTS;Mis:Y309N_SEHAG_MANYY,Mult:Mis:G288V_WWHFV_ANTSD;Mis:M310K_EHAGY_ANYYR;Mis:Y327N_APFGW_YDLLA,Mult:Mis:G288W_WWHFV_ANTSD;Mis:V303G_LTMAR_SEHAG,Mult:Mis:Y296S_TSDDG_ILTMA;Mis:R302G_ILTMA_VSEHA
MEG_2713,Drugs,Mycobacterium_tuberculosis-specific_Drug,Ethambutol_resistant_arabinosyltransferase,EMBR,Mis:C110Y_IPDNT_DLGRF,Mis:Q379R_HEFTF_ISAGT
MEG_2866,Drugs,Mycobacterium_tuberculosis-specific_Drug,Ethionamide-resistant_mutant,ETHA,FS-drug_activator,Mis:G43CS_RESMG_TWDLF,Mis:P51L_DLFRY_GIRSD,Mis:D56A_PGIRS_SDMYT,Mis:D58A_IRSDS_MYTLG,Mis:Y84D_KPILE_VKSTA,Mis:T186K_IGSGA_AVTLV,Mis:E223K_RDGIA_KLNRW,Mis:H281P_YDVRK_FGPHY,Mis:I338S_LPADI_ITATG,Mis:T342K_IIITA_GLNLQ,Mis:N379D_LSGIP_MAYTV,Mis:A381P_GIPNM_YTVGY,Mis:G385D_MAYTV_YTNAS,Mis:T392A_TNASW_LKADL,Mis:G413D_YMDDN_FDTVV,Mis:R463S_NQNYL_DIRLI,Nonsense:Y147*_NYDEG_SPRFA,Nonsense:Q246*_KNVLR_AAVYS
MEG_2873,Biocides,Phenolic_compound_resistance,Triclosan-resistant_mutation,FABG,Mis:Y151V_GGQAN_AAAKA
MEG_2933,Drugs,Mycobacterium_tuberculosis-specific_Drug,Para-aminosalicylic_acid_resistant_mutant,FOLC,Mis:T20P_TGVVP_PDEIA,Mis:E40GQ_DQRWP_TRIDP,Mis:I43AST_WPETR_DPSLT,Mis:R49PW_DPSLT_ISALM,Mis:L56V_SALMD_LGSPQ,Mis:R91W_VTALH_RTGRT,Mis:S150CG_GGPAM_KFEVL,Mis:E153AG_AMSKF_VLTAM,Mis:A420V_EALAL_AGERF
MEG_2935,Drugs,Sulfonamides,Sulfonamide-resistant_dihydropteroate_synthases,FOLP,Mis:V48AFG_AAIVD_GGEST,Mis:T53AINP_VGGES_RPGAI,Mis:R54G_GGEST_PGAIR,Mis:P55AHLRST_GESTR_GAIRT
MEG_2937,Drugs,Sulfonamides,Sulfonamide-resistant_dihydropteroate_synthases,FOLP,Mis:L186F_KK[VI]LD_I[HY]EKN,Mis:D238N_SLRNL_LAKLA,Mis:N245K_AKLAS_Y[GE]AKY,Mis:F246Y_KLASK_[GE]AKYC
MEG_2938,Drugs,Sulfonamides,Sulfonamide-resistant_dihydropteroate_synthases,FOLP,Mis:F28L_VTPDS_SDGGK,Mis:P64S_GESTR_GASEV
MEG_2943,Drugs,Sulfonamides,Sulfonamide-resistant_dihydropteroate_synthases,FOLP,Mis:F28L_VTSDS_YDGGK,Mis:P64S_GESTK_GAPPV
MEG_2945,Drugs,Sulfonamides,Sulfonamide-resistant_dihydropteroate_synthases,FOLP,Mis:F17L_VTPDS_SDGGK,Mis:V30I_NVE[ST]A_[NT]RVKA,Mis:T31N_VE[ST]A[VI]_RVKAM,Mis:M37I_RVKAM_DEGAD,Mis:T51M_VGGVS_RPGHE,Mis:I58V_PGHEM_[ST][LV]EEE,Mis:T59S_GHEM[VI]_[LV]EEE[ML],Mis:V60L_HEM[VI][ST]_EEE[ML]N,Mis:L64M_[ST][LV]EEE_NRVLP,Mis:I101M_KLGVD_INDQW,Mis:V117I_HRMFQ_VAKYD,Mis:V126I_YD[AS]EI_LMHNG,Mis:E208K_KRFTK_MMGYD,Mis:F266L_NARHN_S
MEG_2947,Drugs,Sulfonamides,Sulfonamide-resistant_dihydropteroate_synthases,FOLP,Mis:F28L_VTSDS_YDGGK,Mis:P64S_GESTK_GAPPV
MEG_2948,Drugs,Sulfonamides,Sulfonamide-resistant_dihydropteroate_synthases,FOLP,Mis:F28L_VTPDS_SDGG[AT],Mis:P64S_GESTR_GAAEV
MEG_2949,Drugs,Sulfonamides,Sulfonamide-resistant_dihydropteroate_synthases,FOLP,Mis:F17L_VTPDS_SDGGK,Mis:V30I_NVE[ST]A_[NT]RVKA,Mis:T31N_VE[ST]A[VI]_RVKAM,Mis:M37I_RVKAM_DEGAD,Mis:T51M_VGGVS_RPGHE,Mis:I58V_PGHEM_[ST][LV]EEE,Mis:T59S_GHEM[VI]_[LV]EEE[ML],Mis:V60L_HEM[VI][ST]_EEE[ML]N,Mis:L64M_[ST][LV]EEE_NRVLP,Mis:I101M_KLGVD_INDQW,Mis:V117I_HRMFQ_VAKYD,Mis:V126I_YD[AS]EI_LMHNG,Mis:E208K_KRFTK_MMGYD,Mis:F266L_NARHN_S
MEG_2950,Drugs,Sulfonamides,Sulfonamide-resistant_dihydropteroate_synthases,FOLP,Mis:F17L_VTPDS_SDGGK,Mis:V30I_NVE[ST]A_[NT]RVKA,Mis:T31N_VE[ST]A[VI]_RVKAM,Mis:M37I_RVKAM_DEGAD,Mis:T51M_VGGVS_RPGHE,Mis:I58V_PGHEM_[ST][LV]EEE,Mis:T59S_GHEM[VI]_[LV]EEE[ML],Mis:V60L_HEM[VI][ST]_EEE[ML]N,Mis:L64M_[ST][LV]EEE_NRVLP,Mis:I101M_KLGVD_INDQW,Mis:V117I_HRMFQ_VAKYD,Mis:V126I_YD[AS]EI_LMHNG,Mis:E208K_KRFTK_MMGYD,Mis:F266L_NARHN_S
MEG_2951,Drugs,Sulfonamides,Sulfonamide-resistant_dihydropteroate_synthases,FOLP,Mis:F17L_VTPDS_SDGGK,Mis:V30I_NVE[ST]A_[NT]RVKA,Mis:T31N_VE[ST]A[VI]_RVKAM,Mis:M37I_RVKAM_DEGAD,Mis:T51M_VGGVS_RPGHE,Mis:I58V_PGHEM_[ST][LV]EEE,Mis:T59S_GHEM[VI]_[LV]EEE[ML],Mis:V60L_HEM[VI][ST]_EEE[ML]N,Mis:L64M_[ST][LV]EEE_NRVLP,Mis:I101M_KLGVD_INDQW,Mis:V117I_HRMFQ_VAKYD,Mis:V126I_YD[AS]EI_LMHNG,Mis:E208K_KRFTK_MMGYD,Mis:F266L_NARHN_S
MEG_2953,Drugs,Sulfonamides,Sulfonamide-resistant_dihydropteroate_synthases,FOLP,Mis:R228S_LIGVS_KSTIG
MEG_2955,Drugs,Sulfonamides,Sulfonamide-resistant_dihydropteroate_synthases,FOLP,Mis:F28L_VTPDS_SDGG[AT],Mis:P64S_GESTR_GAAEV
MEG_2956,Drugs,Sulfonamides,Sulfonamide-resistant_dihydropteroate_synthases,FOLP,Mis:F17L_VTPDS_SDGGK,Mis:V30I_NVE[ST]A_[NT]RVKA,Mis:T31N_VE[ST]A[VI]_RVKAM,Mis:M37I_RVKAM_DEGAD,Mis:T51M_VGGVS_RPGHE,Mis:I58V_PGHEM_[ST][LV]EEE,Mis:T59S_GHEM[VI]_[LV]EEE[ML],Mis:V60L_HEM[VI][ST]_EEE[ML]N,Mis:L64M_[ST][LV]EEE_NRVLP,Mis:I101M_KLGVD_INDQW,Mis:V117I_HRMFQ_VAKYD,Mis:V126I_YD[AS]EI_LMHNG,Mis:E208K_KRFTK_MMGYD,Mis:F266L_NARHN_S
MEG_2959,Drugs,Sulfonamides,Sulfonamide-resistant_dihydropteroate_synthases,FOLP,Mis:F28L_VTPDS_SDGG[AT],Mis:P64S_GESTR_GAAEV
MEG_2960,Drugs,Sulfonamides,Sulfonamide-resistant_dihydropteroate_synthases,FOLP,Mis:L186F_KK[VI]LD_I[HY]EKN,Mis:D238N_SLRNL_LAKLA,Mis:N245K_AKLAS_Y[GE]AKY,Mis:F246Y_KLASK_[GE]AKYC
MEG_2961,Drugs,Sulfonamides,Sulfonamide-resistant_dihydropteroate_synthases,FOLP,Mis:F28L_VTPDS_SDGGK,Mis:P64S_GESTR_GASEV
MEG_2962,Drugs,Sulfonamides,Sulfonamide-resistant_dihydropteroate_synthases,FOLP,Mis:F17L_VTPDS_SDGGK,Mis:V30I_NVE[ST]A_[NT]RVKA,Mis:T31N_VE[ST]A[VI]_RVKAM,Mis:M37I_RVKAM_DEGAD,Mis:T51M_VGGVS_RPGHE,Mis:I58V_PGHEM_[ST][LV]EEE,Mis:T59S_GHEM[VI]_[LV]EEE[ML],Mis:V60L_HEM[VI][ST]_EEE[ML]N,Mis:L64M_[ST][LV]EEE_NRVLP,Mis:I101M_KLGVD_INDQW,Mis:V117I_HRMFQ_VAKYD,Mis:V126I_YD[AS]EI_LMHNG,Mis:E208K_KRFTK_MMGYD,Mis:F266L_NARHN_S
MEG_2966,Drugs,Sulfonamides,Sulfonamide-resistant_dihydropteroate_synthases,FOLP,Mis:F28L_VTPDS_SDGG[AT],Mis:P64S_GESTR_GAAEV
MEG_2968,Drugs,Sulfonamides,Sulfonamide-resistant_dihydropteroate_synthases,FOLP,Mis:F17L_VTPDS_SDGGK,Mis:V30I_NVE[ST]A_[NT]RVKA,Mis:T31N_VE[ST]A[VI]_RVKAM,Mis:M37I_RVKAM_DEGAD,Mis:T51M_VGGVS_RPGHE,Mis:I58V_PGHEM_[ST][LV]EEE,Mis:T59S_GHEM[VI]_[LV]EEE[ML],Mis:V60L_HEM[VI][ST]_EEE[ML]N,Mis:L64M_[ST][LV]EEE_NRVLP,Mis:I101M_KLGVD_INDQW,Mis:V117I_HRMFQ_VAKYD,Mis:V126I_YD[AS]EI_LMHNG,Mis:E208K_KRFTK_MMGYD,Mis:F266L_NARHN_S
MEG_2970,Drugs,Sulfonamides,Sulfonamide-resistant_dihydropteroate_synthases,FOLP,Mis:S53I_VGGES_RPGAT,Mis:P55R_GESSR_GATRV
MEG_2971,Drugs,Sulfonamides,Sulfonamide-resistant_dihydropteroate_synthases,FOLP,Mis:S53I_VGGES_RPGAT,Mis:P55R_GESSR_GATRV
MEG_2972,Drugs,Sulfonamides,Sulfonamide-resistant_dihydropteroate_synthases,FOLP,Mis:F28L_VTPDS_SDGG[AT],Mis:P64S_GESTR_GAAEV
MEG_3065,Drugs,Fusidic_acid,Fusidic_acid-resistant_mutation,FUSA,Mis:F88L_PGHVD_TVEVE,Mis:V90AI_HVDFT_EVERS,Mis:Q115L_SGVEP_TETVW,Mis:A376V_SGDIA_AVGLK,Mis:P404LQ_ESMEF_EPVIH,Mis:P406L_MEFPE_VIHLS,Mis:V407F_EFPEP_IHLSV,Mis:D434N_KLQEE_PTFHA,Mis:T436I_QEEDP_FHAHT,Mis:G451V_GQVII_GMGEL,Mis:G452CSV_QVIIG_MGELH,Mis:M453I_VIIGG_GELHL,Mis:L456F_GGMGE_HLDIL,Mis:H457QY_GMGEL_LDILV,Mis:L461FKS_LHLDI_VDRMK,Mis:R464CHLS_DILVD_MKKEF,Mult:Mis:D189V_FKYTN_LGTEI;Mis:L430S_QALVK_QEEDP,Mult:Mis:F652S_PLSEM_GYATS;Mis:Y654N_SEMFG_ATSLR
MEG_3071,Drugs,Fusidic_acid,Fusidic_acid-resistant_mutation,FUSE,Mis:Q140L_GISKE_VGALA
MEG_3135,Drugs,Aminoglycosides,Aminoglycoside-resistant_gidB,GIDB,FS-16S_methyltransferase,Mis:G30R_ALAGP_VERGL,Mis:W45S_EVGRL_DRHLL,Mis:R47Q_GRLWD_HLLNC,Mis:H48Y_RLWDR_LLNCA,Mis:L49P_LWDRH_LNCAV,Mis:N51T_DRHLL_CAVIG,Mis:I55S_LNCAV_GELLE,Mis:V65A_ERGDR_VDIGS,Mis:D67H_GDRVV_IGSGA,Mis:S70R_VVDIG_GAGLP,Mis:G71V_VDIGS_AGLPG,Mis:P75S_SGAGL_GVPLA,Mis:L79FS_LPGVP_AIARP,Mis:P84C_LAIAR_DLQVV,Mis:E92D_QVVLL_PLLRR,Mis:G117E_VEIVR_RAEES,Mis:V124G_AEESW_QDQLG,Mis:Q127P_SWVQD_LGGSD,Mis:L128S_WVQDQ_GGSDA,Mis:D132V_QLGGS_AAVSR,Mis:A134E_GGSDA_VSRAV,Mis:A138E_AAVSR_VAALD,Mis:V139A_AVSRA_AALDK,Mis:G164C_MLAIK_ERAHD,Mis:A183ET_MIASG_VDVRV,Mis:V188GM_AVDVR_VTCGA,Mis:A200E_YLRPP_TVVFA,Nonsense:C52*_RHLLN_AVIGE,Mult:Mis:W42C_GPREV_RLWDR;Mis:W148R_DKLTK_SMPLI
MEG_3143,Drugs,Fosfomycin,Fosfomycin_target_mutation,GLPT,FS-transporter,Mis:W137R_FQGMG_PPSGR,Nonsense:W355*_PPGNA_LDNVS
MEG_3144,Drugs,Fosfomycin,Fosfomycin_target_mutation,GLPT,FS-transporter,Mis:E448K_EQLLQ_RNGG
MEG_3175,Drugs,Lipopeptides,Daptomycin-resistant_mutant,GSHF,Mis:E554K_LEDFT_ALRIA
MEG_3176,Drugs,Fluoroquinolones,Fluoroquinolone-resistant_DNA_topoisomerases,GYRA,Mis:G80N_KYHPH_DSSVY
MEG_3177,Drugs,Fluoroquinolones,Fluoroquinolone-resistant_DNA_topoisomerases,GYRA,Mis:S91F_HPHGD_AVYDT,Mis:D95G_DSAVY_TIVRM
MEG_3178,Drugs,Fluoroquinolones,Fluoroquinolone-resistant_DNA_topoisomerases,GYRA,Mis:S83L_HPHGD_AVYDT
MEG_3179,Drugs,Fluoroquinolones,Fluoroquinolone-resistant_DNA_topoisomerases,GYRA,Mis:D90G_FHPHG_ASIYD,Mis:D95N_DASIY_ALVRM
MEG_3180,Drugs,Fluoroquinolones,Fluoroquinolone-resistant_DNA_topoisomerases,GYRA,Mis:A74S_SHAKS_RSVAE,Mis:G88C_NYHPH_DASIY,Mis:D89GN_YHPHG_ASIYD,Mis:S91P_PHGDA_IYDSL,Mis:D94AGHNTY_DASIY_SLVRM,Hyper:Mis:T80A_RSVAE_MGNYH;Mis:A90G_HPHGD_SIYDS,Mult:Mis:A90V_HPHGD_SIYDS;Mis:P102H_VRMAQ_WSLRY
MEG_3181,Drugs,Fluoroquinolones,Fluoroquinolone-resistant_DNA_topoisomerases,GYRA,Mis:A91V_HPHGD_SIYDT
MEG_3182,Drugs,Fluoroquinolones,Fluoroquinolone-resistant_DNA_topoisomerases,GYRA,Mis:S101LW_HPHGD_AIYDT,Mis:D105G_DSAIY_TLVRL
MEG_3183,Drugs,Fluoroquinolones,Fluoroquinolone-resistant_DNA_topoisomerases,GYRA,Mis:G79C_KYHPH_DSAVY,Mis:S81L_HPHGD_AVYET
MEG_3184,Drugs,Fluoroquinolones,Fluoroquinolone-resistant_DNA_topoisomerases,GYRA,Mis:S84Y_HPHGD_AVYDT
MEG_3185,Drugs,Fluoroquinolones,Fluoroquinolone-resistant_DNA_topoisomerases,GYRA,Mis:G93C_KFHPH_DMAIY,Mis:M95I_HPHGD_AIYDT,Mis:D99N_DMAIY_TMSRM
MEG_3186,Drugs,Fluoroquinolones,Fluoroquinolone-resistant_DNA_topoisomerases,GYRA,Mis:S84L_HPHGD_SIYEA,Mis:S85P_PHGDS_IYEAM,Mis:E88AK_DSSIY_AMVRM
MEG_3187,Drugs,Fluoroquinolones,Fluoroquinolone-resistant_DNA_topoisomerases,GYRA,Mis:A67S_AYKKS_RVVGD,Mis:G81C_KYHPH_DSAVY,Mis:S83LW_HPHGD_AVYDT,Mis:A84P_PHGDS_VYDTI,Mis:D87GNV_DSAVY_TIVRM,Mis:Q106H_MLVDG_GNFGS,Mult:Mis:S83I_HPHGD_AVYDT;Mis:I112V_GNFGS_DGDSA;Mis:L127M_YTEIR_AKIAH;Mis:A128S_TEIRL_KIAHE;Mis:K154R_YDGTE_IPDVM
MEG_3189,Drugs,Fluoroquinolones,Fluoroquinolone-resistant_DNA_topoisomerases,GYRA,Mis:S83FN_HPHGD_AVYDT,Mis:D87N_D[SY]AVY_TIVRM
MEG_3190,Drugs,Fluoroquinolones,Fluoroquinolone-resistant_DNA_topoisomerases,GYRA,Mis:S86IK_HPHGD_AVYDA,Mis:D90N_DTAVY_ALVRM
MEG_3191,Drugs,Fluoroquinolones,Fluoroquinolone-resistant_DNA_topoisomerases,GYRA,Mis:S84L_HPHGD_SIYEA,Mis:S85P_PHGDL_IYEAM,Mis:E88AK_DLSIY_AMVRM
MEG_3192,Drugs,Fluoroquinolones,Fluoroquinolone-resistant_DNA_topoisomerases,GYRA,Mis:G81DV_KYHPH_D[SL]AVY,Mis:S83L_HPHGD_AVYET,Mis:A84P_PHGD[SL]_VYETI
MEG_3193,Drugs,Fluoroquinolones,Fluoroquinolone-resistant_DNA_topoisomerases,GYRA,Mis:G81DV_KYHPH_D[SL]AVY,Mis:S83L_HPHGD_AVYET,Mis:A84P_PHGD[SL]_VYETI
MEG_3194,Drugs,Fluoroquinolones,Fluoroquinolone-resistant_DNA_topoisomerases,GYRA,Mis:S91FY_HPHGD_AVY[GD]T,Mis:D95N_D[TF]AVY_TIVRM,Mis:V120L_D[TF]AVY_TIVRM
MEG_3198,Drugs,Fluoroquinolones,Fluoroquinolone-resistant_DNA_topoisomerases,GYRA,Mis:S80CFIY_HPHGD_SIYEA,Mis:E84KV_DSSIY_AMVRM
MEG_3199,Drugs,Fluoroquinolones,Fluoroquinolone-resistant_DNA_topoisomerases,GYRA,Mis:S84L_HPHGD_SIYEA,Mis:S85P_PHGDL_IYEAM,Mis:E88AK_DLSIY_AMVRM
MEG_3200,Drugs,Fluoroquinolones,Fluoroquinolone-resistant_DNA_topoisomerases,GYRA,Mis:S84IRY_HPHGD_AIYES,Mis:E88K_DSAIY_SMVRM
MEG_3201,Drugs,Fluoroquinolones,Fluoroquinolone-resistant_DNA_topoisomerases,GYRA,Mis:S83FN_HPHGD_AVYDT,Mis:D87N_D[SY]AVY_TIVRM
MEG_3202,Drugs,Fluoroquinolones,Fluoroquinolone-resistant_DNA_topoisomerases,GYRA,Mis:T83IK_HPHGD_AVYDT
MEG_3203,Drugs,Fluoroquinolones,Fluoroquinolone-resistant_DNA_topoisomerases,GYRA,Mis:D83C_YHPHG_SAVYD,Mis:S84Y_HPHGD_AVYDT,Mis:D88NY_DSAVY_TIVRM
MEG_3204,Drugs,Fluoroquinolones,Fluoroquinolone-resistant_DNA_topoisomerases,GYRA,Mis:G85C_KYHPH_DNAVY,Mis:N87IKRY_HPHGD_AVYDA,Mis:A88V_PHGDN_VYDAL,Mis:D91ACGMNY_DNAVY_ALVRM,Mis:A129T_MRYTE_RMTKA,Mis:D155N_VPNYD_TLKEP,Mult:Mis:R140K_SEEIL_DIDKD;Mis:D192N_PPHRI_EIIDA
MEG_3205,Drugs,Fluoroquinolones,Fluoroquinolone-resistant_DNA_topoisomerases,GYRA,Mis:S83FN_HPHGD_AVYDT,Mis:D87N_D[SY]AVY_TIVRM
MEG_3206,Drugs,Fluoroquinolones,Fluoroquinolone-resistant_DNA_topoisomerases,GYRA,Mis:S95FY_HPHGD_SIYDA
MEG_3207,Drugs,Fluoroquinolones,Fluoroquinolone-resistant_DNA_topoisomerases,GYRA,Mis:S84L_HPHGD_SIYEA,Mis:S85P_PHGDL_IYEAM,Mis:E88AK_DLSIY_AMVRM
MEG_3208,Drugs,Fluoroquinolones,Fluoroquinolone-resistant_DNA_topoisomerases,GYRA,Mis:S83I_HPHGD_AVYET
MEG_3209,Drugs,Fluoroquinolones,Fluoroquinolone-resistant_DNA_topoisomerases,GYRA,Mis:T83IK_HPHGD_AVYDT
MEG_3211,Drugs,Fluoroquinolones,Fluoroquinolone-resistant_DNA_topoisomerases,GYRA,Mis:S84AFILV_HPHGD_AVYES,Mis:A85P_PHGDS_VYESM,Mis:E88AGKQV_DSAVY_SMVRM
MEG_3212,Drugs,Fluoroquinolones,Fluoroquinolone-resistant_DNA_topoisomerases,GYRA,Mis:S83FN_HPHGD_AVYDT,Mis:D87N_D[SY]AVY_TIVRM
MEG_3215,Drugs,Fluoroquinolones,Fluoroquinolone-resistant_DNA_topoisomerases,GYRA,Mis:G81DV_KYHPH_D[SL]AVY,Mis:S83L_HPHGD_AVYET,Mis:A84P_PHGD[SL]_VYETI
MEG_3216,Drugs,Fluoroquinolones,Fluoroquinolone-resistant_DNA_topoisomerases,GYRA,Mult:Mis:S83I_HPHGD_AVYDT;Mis:D87N_DSAVY_TIVRM
MEG_3217,Drugs,Fluoroquinolones,Fluoroquinolone-resistant_DNA_topoisomerases,GYRA,Mis:S91FY_HPHGD_AVY[GD]T,Mis:D95N_D[TF]AVY_TIVRM,Mis:V120L_D[TF]AVY_TIVRM
MEG_3218,Drugs,Fluoroquinolones,Fluoroquinolone-resistant_DNA_topoisomerases,GYRA,Mis:S86IK_HPHGD_AVYDA,Mis:D90N_DTAVY_ALVRM
MEG_3219,Drugs,Fluoroquinolones,Fluoroquinolone-resistant_DNA_topoisomerases,GYRA,Mis:D81N_YHPHG_TAVYY,Mis:T82IV_HPHGD_AVYYA,Mis:A92E_AMVRM_QDFST,Mis:A118STV_GDSPA_MRYTE,Mis:A384D_EGLKI_LDNID
MEG_3220,Drugs,Fluoroquinolones,Fluoroquinolone-resistant_DNA_topoisomerases,GYRA,Mis:S83FN_HPHGD_AVYDT,Mis:D87N_D[SY]AVY_TIVRM
MEG_3221,Drugs,Fluoroquinolones,Fluoroquinolone-resistant_DNA_topoisomerases,GYRA,Mis:S84L_HPHGD_SIYEA,Mis:S85P_PHGDL_IYEAM,Mis:E88AK_DLSIY_AMVRM
MEG_3222,Drugs,Fluoroquinolones,Fluoroquinolone-resistant_DNA_topoisomerases,GYRA,Mis:S84L_HPHGD_SIYEA,Mis:S85P_PHGDL_IYEAM,Mis:E88AK_DLSIY_AMVRM
MEG_3223,Drugs,Fluoroquinolones,Fluoroquinolone-resistant_DNA_topoisomerases,GYRA,Mis:S84L_HPHGD_SIYEA,Mis:S85P_PHGDL_IYEAM,Mis:E88AK_DLSIY_AMVRM
MEG_3224,Drugs,Fluoroquinolones,Fluoroquinolone-resistant_DNA_topoisomerases,GYRA,Mis:G81CD_KYHPH_DSAVY,Mis:S83IR_HPHGD_AVYDT
MEG_3225,Drugs,Fluoroquinolones,Fluoroquinolone-resistant_DNA_topoisomerases,GYRA,Mis:S80CFIY_HPHGD_SIYEA,Mis:E84KV_DSSIY_AMVRM
MEG_3226,Drugs,Fluoroquinolones,Fluoroquinolone-resistant_DNA_topoisomerases,GYRA,Mis:T83I_HPHGD_AVYDT,Mis:D87GN_DTAVY_TIVRM
MEG_3227,Drugs,Fluoroquinolones,Fluoroquinolone-resistant_DNA_topoisomerases,GYRA,Mis:S83FN_HPHGD_AVYDT,Mis:D87N_D[SY]AVY_TIVRM
MEG_3228,Drugs,Fluoroquinolones,Fluoroquinolone-resistant_DNA_topoisomerases,GYRA,Mis:G81DV_KYHPH_D[SL]AVY,Mis:S83L_HPHGD_AVYET,Mis:A84P_PHGD[SL]_VYETI
MEG_3229,Drugs,Fluoroquinolones,Fluoroquinolone-resistant_DNA_topoisomerases,GYRA,Mis:S84L_HPHGD_SIYEA,Mis:S85P_PHGDL_IYEAM,Mis:E88AK_DLSIY_AMVRM
MEG_3230,Drugs,Fluoroquinolones,Fluoroquinolone-resistant_DNA_topoisomerases,GYRA,Mis:S84L_HPHGD_SIYEA,Mis:S85P_PHGDL_IYEAM,Mis:E88AK_DLSIY_AMVRM
MEG_3231,Drugs,Fluoroquinolones,Fluoroquinolone-resistant_DNA_topoisomerases,GYRA,Mis:D87G_DQSVY_TIVRM
MEG_3232,Drugs,Fluoroquinolones,Fluoroquinolone-resistant_DNA_topoisomerases,GYRA,Mis:G81DV_KYHPH_D[SL]AVY,Mis:S83L_HPHGD_AVYET,Mis:A84P_PHGD[SL]_VYETI
MEG_3233,Drugs,Fluoroquinolones,Fluoroquinolone-resistant_DNA_topoisomerases,GYRA,Mis:S84L_HPHGD_SIYEA,Mis:S85P_PHGDL_IYEAM,Mis:E88AK_DLSIY_AMVRM
MEG_3234,Drugs,Fluoroquinolones,Fluoroquinolone-resistant_DNA_topoisomerases,GYRA,Mis:S83FN_HPHGD_AVYDT,Mis:D87N_D[SY]AVY_TIVRM
MEG_3235,Drugs,Fluoroquinolones,Fluoroquinolone-resistant_DNA_topoisomerases,GYRA,Mis:S84AFILV_HPHGD_AVYES,Mis:A85P_PHGDS_VYESM,Mis:E88AGKQV_DSAVY_SMVRM
MEG_3236,Drugs,Fluoroquinolones,Fluoroquinolone-resistant_DNA_topoisomerases,GYRA,Mis:S84L_HPHGD_SIYEA,Mis:S85P_PHGDL_IYEAM,Mis:E88AK_DLSIY_AMVRM
MEG_3237,Drugs,Fluoroquinolones,Fluoroquinolone-resistant_DNA_topoisomerases,GYRA,Mis:R68G_GFRPD_SHAKS,Mis:A74S_SHAKS_RSVAE,Mis:G88AC_NYHPH_DASIY,Mis:D89GNV_YHPHG_ASIYD,Mis:A90GV_HPHGD_SIYDS,Mis:S91P_PHGDA_IYDSL,Mis:D94AGHNVY_DASIY_SLVRM,Mis:L109V_SLRYP_VDGQG
MEG_3238,Drugs,Fluoroquinolones,Fluoroquinolone-resistant_DNA_topoisomerases,GYRB,Mis:E466D_MLSSQ_VATLI
MEG_3239,Drugs,Fluoroquinolones,Fluoroquinolone-resistant_DNA_topoisomerases,GYRB,Mis:D464N_YVVEG_SAGGS,Mis:N502D_DRVLK_TEVQA,Mis:E504V_VLKNT_VQAII
MEG_3240,Drugs,Fluoroquinolones,Fluoroquinolone-resistant_DNA_topoisomerases,GYRB,Mis:P462S_FQAIL_LRGKI,Mis:E502Q_PEFNI_KLRYS,Mis:R523Q_DGSHI_ILLLT
MEG_3241,Drugs,Fluoroquinolones,Fluoroquinolone-resistant_DNA_topoisomerases,GYRB,Mis:V135I_SEICE_EVKRE,Mis:I143R_KRESH_WRQVF,Mis:S368AV_LQENP_VAKMI,Mis:R379G_LDKSL_ASRAR,Mis:R391P_AARKA_ELTRR,Mis:E401K_RKSIL_NTSLP,Mis:D411N_PGKLA_CSSKD,Mis:V425F_CEIYL_EGDSA,Mis:D428NV_YLVEG_SAGGS,Mis:L446F_KFQAI_PLRGK,Mis:R449KL_AILPL_GKIMN,Mis:R459T_NVEKQ_LDKIL,Mis:S466T_DKILG_EEIRA,Mis:D467Y_KILGY_EIRAM,Mis:E468KV_ILGYE_IRAMI
MEG_3242,Drugs,Fluoroquinolones,Fluoroquinolone-resistant_DNA_topoisomerases,GYRB,Mult:Mis:S463A_FDKML_SQEVA;Mis:S464Y_DKMLA_QEVAT
MEG_3243,Drugs,Fluoroquinolones,Fluoroquinolone-resistant_DNA_topoisomerases,GYRB,Mis:I271M_RTKNA_HSSIV,Mis:V457L_KSELY_VEGDS,Mis:D461HN_YVVEG_SAGGS,Mis:N499DKT_DRVLK_TEVQA,Mis:T500NP_RVLKN_EVQAI,Mis:E501DV_VLKNT_VQAII,Mult:Mis:R446C_KLADC_STDPR;Mis:T507M_VQAII_ALGTG
MEG_3244,Drugs,Aminocoumarins,Aminocoumarin-resistant_DNA_topoisomerases,GYRBA,Mis:R136CHS_ELVIQ_EGKIH,Mis:G164V_ETEKT_TMVRF
MEG_3245,Drugs,Aminocoumarins,Aminocoumarin-resistant_DNA_topoisomerases,GYRBA,Mis:G84S_TDNGR_IPVDI,Mis:I101S_PAVEV_LTVLH,Mis:R143IS_EVYVH_NETIY,Mis:T172A_TDKTG_VIRFK
MEG_3246,Drugs,Aminocoumarins,Aminocoumarin-resistant_DNA_topoisomerases,GYRBA,Mis:G85S_CDNGR_IPTDI,Mis:R141Q_VWLRL_IKRDG,Mis:T174AI_GTESG_EISFL
MEG_3251,Drugs,Fluoroquinolones,Fluoroquinolone-resistant_DNA_topoisomerases,GYRC,Mis:S84F_HPHGD_ACYEA
MEG_3296,Drugs,Mupirocin,Mupirocin-resistant_isoleucyl-tRNA_synthetase,ILES,Mis:V588F_LSHGF_MDGEG,Mis:V631F_DYLAD_RISDE
MEG_3429,Drugs,Mycobacterium_tuberculosis-specific_Drug,Isoniazid-resistant_mutant,INHA,Mis:I16T_LVSGI_TDSSI,Mis:T21V_ITDSS_AFHIA,Mis:I47T_DRLRL_QRITD,Mis:S94A_DGVVH_IGFMP,Mis:I95P_GVVHS_GFMPQ,Mis:G141E_PIMNP_GSIVG,Mis:T162S_AYNWM_VAKSA,Mis:I194T_VAAGP_RTLAM
MEG_3430,Drugs,Mycobacterium_tuberculosis-specific_Drug,Ethambutol-resistant_mutant,INIA,FS-miscellaneous,Mis:P3A_MV_AGLCA,Mis:G308R_ERVRA_VLGEI,Mis:S501W_MIGML_SVVGL,Mis:R537H_RLLRV_SEAKA
MEG_3431,Drugs,Mycobacterium_tuberculosis-specific_Drug,Ethambutol-resistant_mutant,INIB,Mis:A47T_ISSVA_NVVPG
MEG_3432,Drugs,Mycobacterium_tuberculosis-specific_Drug,Ethambutol-resistant_mutant,INIC,Mis:W83G_TRIVT_FRHGP,Mis:P248A_CQAVV_VSGLL,Nonsense:Q351*_RNVID_QFAQR
MEG_3445,Drugs,Mycobacterium_tuberculosis-specific_Drug,Isoniazid-resistant_mutant,KASA,Mis:D66N_GGHLK_PVDSH,Mis:R121K_LGGAE_IVESY,Mis:G269S_RLLGA_ITSDA,Mis:G387D_LDVVA_EPRYG,Mis:F413L_NVALA_GRY
MEG_3446,Drugs,Mycobacterium_tuberculosis-specific_Drug,Isoniazid-resistant_mutant,KATG,FS-drug_activator,Mis:P2S_M_EQHPP,Mis:S17N_TTGAA_NGCPV,Mis:G19D_GAASN_CPVVG,Mis:G32D_KYPVE_GGNQD,Mis:G33V_YPVEG_GNQDW,Mis:V47E_RLNLK_LHQNP,Mis:D63E_MGAAF_YAAEV,Mis:Y64S_GAAFD_AAEVA,Mis:W91R_TSQPW_PADYG,Mis:A93T_QPWWP_DYGHY,Mis:Y95C_WWPAD_GHYGP,Mis:H97R_PADYG_YGPLF,Mis:L101P_GHYGP_FIRMA,Mis:R104L_GPLFI_MAWHA,Mis:W107FR_FIRMA_HAAGT,Mis:H108EQ_IRMAW_AAGTY,Mis:A110V_MAWHA_GTYRI,Mis:G111S_AWHAA_TYRIH,Mis:G125S_GGAGG_MQRFA,Mis:M126I_GAGGG_QRFAP,Mis:Q127EP_AGGGM_RFAPL,Mis:R128PQ_GGGMQ_FAPLN,Mis:P131QT_MQRFA_LNSWP,Mis:N133T_RFAPL_SWPDN,Mis:N138DHST_NSWPD_ASLDK,Mis:A139PV_SWPDN_SLDKA,Mis:S140N_WPDNA_LDKAR,Mis:D142G_DNASL_KARRL,Mis:L147P_DKARR_LWPVK,Mis:L148R_KARRL_WPVKK,Mis:A162V_KKLSW_DLIVF,Mis:A172T_FAGNC_LESMG,Mis:M176T_CALES_GFKTF,Mis:W191R_GRVDQ_EPDEV,Mis:E195K_QWEPD_VYWGK,Mis:W204R_GKEAT_LGDER,Mis:E217G_GKRDL_NPLAA,Mis:Q224E_PLAAV_MGLIY,Mis:Y229F_QMGLI_VNPEG,Mis:P232S_LIYVN_EGPNG,Mis:A243S_NPDPM_AAVDI,Mis:M255CIY_ETFRR_AMNDV,Mis:A256T_TFRRM_MNDVE,Mis:T262R_MNDVE_AALIV,Mis:A264V_DVETA_LIVGG,Mis:G269DR_ALIVG_HTFGK,Mis:H270Q_LIVGG_TFGKT,Mis:T275PV_HTFGK_HGAGP,Mis:H276M_TFGKT_GAGPA,Mis:G279D_KTHGA_PADLV,Mis:G285CD_PADLV_PEPEA,Mis:Q295H_AAPLE_MGLGW,Mis:W300G_QMGLG_KSSYG,Mis:S303CL_LGWKS_YGTGT,Mis:Y304S_GWKSS_GTGTG,Mis:T306P_KSSYG_GTGKD,Mis:T308P_SYGTG_GKDAI,Mis:D311NS_TGTGK_AITSG,Mis:A312P_GTGKD_ITSGI,Mis:S315GINRT_KDAIT_GIEVV,Mis:G316D_DAITS_IEVVW,Mis:I317V_AITSG_EVVWT,Mis:W321FG_GIEVV_TNTPT,Mis:W328FG_NTPTK_DNSFL,Mis:I335T_NSFLE_LYGYE,Mis:L336P_SFLEI_YGYEW,Mis:W336C_SFLEI_YGYEW,Mis:Y337C_FLEIL_GYEWE,Mis:W341S_LYGYE_ELTKS,Mis:T344P_YEWEL_KSPAG,Mis:A350S_KSPAG_WQYTA,Mis:Q352E_PAGAW_YTAKD,Mis:P365R_GAGTI_DPFGG,Mis:D381G_TMLAT_LSLRV,Mis:S383P_LATDL_LRVDP,Mis:R385W_TDLSL_VDPIY,Mis:D387G_LSLRV_PIYER,Mis:T394M_IYERI_RRWLE,Mis:K414N_AKAWY_LIHRD,Mis:H417Q_WYKLI_RDMGP,Mis:R418L_YKLIH_DMGPV,Mis:D419H_KLIHR_MGPVA,Mis:M420T_LIHRD_GPVAR,Mis:L427I_PVARY_GPLVP,Mis:L430V_RYLGP_VPKQT,Mis:T435R_LVPKQ_LLWQD,Mis:L436G_VPKQT_LWQDP,Mis:Q439P_QTLLW_DPVPA,Mis:S457I_EAEIA_LKSQI,Mis:Q461P_ASLKS_IRASG,Mis:V469L_ASGLT_SQLVS,Mis:Q471HY_GLTVS_LVSTA,Mis:L472IKQ_LTVSQ_VSTAW,Mis:V473DFGIKMNRSWY_TVSQL_STAWA,Mis:F483L_AAASS_RGSDK,Mis:R489S_RGSDK_GGANG,Mis:G490S_GSDKR_GANGG,Mis:G491DV_SDKRG_ANGGR,Mis:W505S_QPQVG_EVNDP,Mis:N508D_VGWEV_DPDGD,Mis:R515C_PDGDL_KVIRT,Mis:A541D_IKVSF_DLVVL,Mis:D542H_KVSFA_LVVLG,Mis:A550D_VLGGC_AIEKA,Mis:L587M_ESFAV_EPKAD,Mis:E607A_NPLPA_YMLLD,Mis:G629S_MTVLV_GLRVL,Mis:R632C_LVGGL_VLGAN,Mis:N660D_NDFFV_LLDMG,Mis:T667P_LDMGI_WEPSP,Mis:A716P_YGADD_QPKFV,Mis:D735AN_KVMNL_RFDVR,Nonsense:K46*_NRLNL_VLHQN,Nonsense:W91*_TSQPW_PADYG,Nonsense:W198*_PDEVY_GKEAT,Nonsense:Y304*_GWKSS_GTGTG,Nonsense:E454*_LVGEA_IASLK,Nonsense:V473*_TVSQL_STAWA,Nonsense:E506*_PQVGW_VNDPD,Mult:Mis:Y98C_ADYGH_GPLFI;Mis:A349T_TKSPA_AWQYT,Mult:Mis:G123E_GRGGA_GGMQR;Mis:G299S_EQMGL_WKSSY,Mult:Mis:P131R_MQRFA_LNSWP;Mis:D194Y_DQWEP_EVYWG,Mult:Del:W191_GRVDQ_EPDEV;Del:E192_RVDQW_PDEVY,Mult:Mis:G279V_KTHGA_PADLV;Mis:L436P_VPKQT_LWQDP,Mult:Mis:K433Q_GPLVP_QTLLW;Mis:Q434A_PLVPK_TLLWQ;Mis:T435D_LVPKQ_LLWQD,Mult:Mis:N596S_ADGFR_YLGKG;Mis:Y597H_DGFRN_LGKGN
MEG_3586,Drugs,Lipopeptides,Daptomycin-resistant_mutant,LIAFSR,Mis:D192N_ILAKL_VDDRT
MEG_3587,Drugs,Lipopeptides,Daptomycin-resistant_mutant,LIAFSR,Mis:A180T_MMMLS_LNEQA
MEG_3588,Drugs,Lipopeptides,Daptomycin-resistant_mutant,LIAFSR,Mis:T194I_LLEHS_FYGTV,Del:I168/169/170/171_PKEDN_RKGFG,Ins:I168/169/170/171/172_PKEDN_RKGFG
MEG_3589,Drugs,Lipopeptides,Daptomycin-resistant_mutant,LIAFSR,Mis:T120A_IDKEI_KIKEK,Mis:E192G_KSETP_MFRKQ
MEG_3590,Drugs,Lipopeptides,Daptomycin-resistant_mutant,LIAFSR,Mis:W73C_AILKD_PEAKI
MEG_3591,Drugs,Lipopeptides,Daptomycin-resistant_mutant,LIAFSR,Mis:L27I_QIVNN_GLLLL,Mis:L39F_IFGIF_IYLAM,Mis:I144T_YEWDD_NIAII
MEG_3594,Drugs,Multi-drug_resistance,Multi-drug_ABC_efflux_pumps,LMRA,Mult:Mis:Q52P_PGGKE_LAIEA;Nonstop:189
MEG_3626,Drugs,Lipopeptides,Colistin-resistant_mutant,LPXA,FS-target_synthesis,Mis:G68D_QFASV_EVCQD,Mis:Q72K_VGEVC_DLKYK,Mis:H159D_GNSGI_QFCKI,Nonsense:Q234*_VQAID_IKSEI
MEG_3627,Drugs,Lipopeptides,Colistin-resistant_mutant,LPXC,FS-target_synthesis,Mis:P30L_MINFI_HTVDG
MEG_3740,Drugs,Multi-drug_resistance,MDR_23S_rRNA_mutation,MDR23S,Nuc:A2071CGT_GACGG_AAGAC,Nuc:A2072CG_ACGGA_AGACC
MEG_3831,Drugs,Lipopeptides,Lysocin-resistant_mutant,MENA,Mis:G33D_VPVLV_TAASK
MEG_3931,Multi-compound,Drug_and_biocide_resistance,Drug_and_biocide_RND_efflux_regulator,MEXS,FS-pump_repressor,Mis:D44E_GVSWK_VLWRQ,Mis:S60FP_QAALP_GLGFE,Mis:V73A_GEVLA_GAGVG,Mis:V104A_AYGDV_LMPRA,Mis:A166P_VSIQL_KALGA,Mis:F185L_AEERE_LREQG,Mis:C245G_LVLYG_NGGNE,Mis:F253L_GNESA_PACAA,Mis:L263Q_AFKKH_QFYRH,Mis:L270Q_FYRHC_MDFTG
MEG_3941,Multi-compound,Drug_and_biocide_resistance,Drug_and_biocide_RND_efflux_regulator,MEXZ,Mis:T177I_GTLAW_ERLRD
MEG_3975,Drugs,MLS,Macrolide-resistant_23S_rRNA_mutation,MLS23S,Nuc:A2283CG_GACGA_AAGAC,Nuc:A2284G_ACGAA_AGACC
MEG_3976,Drugs,MLS,Macrolide-resistant_23S_rRNA_mutation,MLS23S,Nuc:A1414G_ATCTA_GGTTT,Nuc:C1711T_ATAGT_GTCCG,Nuc:A2146CGT_GACGG_AAGAC,Nuc:A2147CG_ACGGA_AGACC,Nuc:A2148G_CGGAA_GACCC,Nuc:A2171G_CTACA_CTTAG,Nuc:C2926T_AAGCG_AGTAA,NucMult:Nuc:C2252T_GCCAT_CTTGA;Nuc:G2291A_AACTG_CCTGT
MEG_3977,Drugs,MLS,Macrolide-resistant_23S_rRNA_mutation,MLS23S,Nuc:G2032A_GTGAA_ATGCA,Nuc:A2058GT_GACGG_AAGAC
MEG_3978,Drugs,MLS,Macrolide-resistant_23S_rRNA_mutation,MLS23S,Nuc:G546A_GTTAA_CGCGC,Nuc:T827A_GTCTT_CCGTC
MEG_3979,Drugs,MLS,Macrolide-resistant_23S_rRNA_mutation,MLS23S,Must:Nuc:A271_ATAGG_ACCAA;Nuc:T825_TCTTT_CGTCT,Nuc:G270A_GATAG_AACCA,Nuc:T823C_GGTCT_TTCGT
MEG_3980,Drugs,MLS,Macrolide-resistant_23S_rRNA_mutation,MLS23S,Nuc:A2271CG_GACGA_AAGAC,Nuc:A2272G_ACGAA_AGACC
MEG_3981,Drugs,MLS,Macrolide-resistant_23S_rRNA_mutation,MLS23S,Nuc:G276AC_GATAT_GACCA,Nuc:T1718C_GTCTT_CTGTC,Nuc:C1719T_TCTTT_TGTCC
MEG_3982,Drugs,MLS,Macrolide-resistant_23S_rRNA_mutation,MLS23S,Nuc:A2270CGT_GACGA_AAGAC,Nuc:A2271CG_ACGAA_AGACC
MEG_3983,Drugs,MLS,Macrolide-resistant_23S_rRNA_mutation,MLS23S,Must:Nuc:T830_TCTTT_CGTCT
MEG_3984,Drugs,MLS,Macrolide-resistant_23S_rRNA_mutation,MLS23S,Nuc:A2279CGT_GACGA_AAGAC,Nuc:A2280CG_ACGAA_AGACC
MEG_3985,Drugs,MLS,Macrolide-resistant_23S_rRNA_mutation,MLS23S,Nuc:A2266CGT_GACGA_AAGAC,Nuc:A2267CG_ACGAA_AGACC
MEG_3986,Drugs,MLS,Macrolide-resistant_23S_rRNA_mutation,MLS23S,Nuc:A2107G_GGACG_AAAGA,Nuc:A2108C_GACGA_AAGAC,Nuc:A2109CG_ACGAA_AGACC,Nuc:T2262C_CCATG_ATCTG
MEG_3987,Drugs,MLS,Macrolide-resistant_23S_rRNA_mutation,MLS23S,Nuc:A2074CGT_GACGG_AAGAC,Nuc:A2075G_ACGGA_AGACC
MEG_3988,Drugs,MLS,Macrolide-resistant_23S_rRNA_mutation,MLS23S,Nuc:C658T_AGGTG_GGAGC
MEG_3989,Drugs,MLS,Macrolide-resistant_23S_rRNA_mutation,MLS23S,Nuc:A2063G_GACGG_AAGAC,Nuc:A2064G_ACGGA_AGACC,Nuc:C2617G_TGGTC_CTATC
MEG_3990,Drugs,MLS,Macrolide-resistant_23S_rRNA_mutation,MLS23S,Nuc:A2303G_GACGG_AAGAC
MEG_3991,Drugs,MLS,Macrolide-resistant_23S_rRNA_mutation,MLS23S,Nuc:T838AC_GTCTT_CCGTC
MEG_3992,Drugs,MLS,Macrolide-resistant_23S_rRNA_mutation,MLS23S,Nuc:A2061G_GACGG_AAGAC,Nuc:A2062G_ACGGA_AGACC,Nuc:A2065C_GAAAG_CCCCA,Nuc:C2614AG_CGGTC_CTATC
MEG_3993,Drugs,MLS,Macrolide-resistant_23S_rRNA_mutation,MLS23S,Nuc:A2265CT_GACGA_AAGAC
MEG_4057,Drugs,Lipopeptides,Daptomycin-resistant_mutant,MPRFD,Mis:F57S_SLVLL_IGGGA,Mis:G61V_LFIGG_ASLVI,Mis:S295L_ALILS_FEFGT,Mis:P314L_SKYFI_AKDVT,Mis:S337L_KIPSL_LAILV,Mis:L341S_LSLAI_VFFTS,Mis:T345AIK_ILVFF_SMIFF,Mis:M347R_VFFTS_IFFVN,Mis:V351E_SMIFF_NNLTI,Mis:I420N_TYASY_LITWL,Mis:I422N_ASYIL_TWLAI,Mis:T472K_IFIAG_LYALD,Mis:L826F_RKDNS_WESLS
MEG_4087,Multi-compound,Drug_and_biocide_resistance,Drug_and_biocide_MFS_efflux_regulator,MTRR,Mis:A39T_NEIAQ_AGVTR,Mis:G45D_AGVTR_ALYWH,Mis:E202G_MMDNL_NHPCL
MEG_4088,Multi-compound,Drug_and_biocide_resistance,Drug_and_biocide_MFS_efflux_regulator,MTRR,Mis:G45D_AGVTR_ALYWH
MEG_4092,Drugs,Fosfomycin,Fosfomycin_target_mutation,MURA,Must:Amino:D116_ALPGG_VIGKR
MEG_4093,Drugs,Fosfomycin,Fosfomycin_target_mutation,MURA,Must:Amino:D119_PILGG_AIGPR
MEG_4094,Drugs,Fosfomycin,Fosfomycin_target_mutation,MURA,Nonsense:L42*_DKPSK_VNVPA
MEG_4095,Drugs,Fosfomycin,Fosfomycin_target_mutation,MURA,Mis:C115DE_SLPGG_TIGAR,Mis:D369N_QVMAT_LRASA,Mis:L370I_VMATD_RASAS
MEG_4096,Drugs,Fosfomycin,Fosfomycin_target_mutation,MURA,Must:Amino:D117_ALPGG_AIGSR
MEG_4097,Drugs,Glycopeptides,Vancomycin-resistant_mutation,MURG,Mis:P107L_GFVSV_VVIAA
MEG_4109,Drugs,Multi-drug_resistance,Multi-drug_RND_efflux_pumps,NALC,Mis:G71E_IAHMI_EIFDD,Mis:R97G_EHFGR_FLTSL,Mult:Mis:E72K_AHMIG_IFDDS;Mis:D75H_IGEIF_DSADQ;Mis:A85D_QPRPA_TLSAT,Mult:Mis:T100K_GRRFL_SLLDP;Mis:L110P_PRCQS_YRLVV,Mult:Mis:P105A_TSLLD_RCQSL;Mis:P122L_ESPRF_AIGKS;Mis:S141N_SYLLL_ERLAA,Mult:Mis:E204G_IACYL_HLSQS;Mis:H205N_ACYLE_LSQSP
MEG_4110,Drugs,Multi-drug_resistance,Multi-drug_RND_efflux_regulator,NALD,Mis:S32N_GVSHT_LEQIA,Mis:T158I_LHPGM_PRIAS,Mult:Mis:I137T_FVQMF_ELCEQ;Del:E138_VQMFI_LCEQL;Del:L139_QMFIE_CEQLF;Del:C140_MFIEL_EQLFA;Del:E141_FIELC_QLFAR;Del:Q142_IELCE_LFARD;Del:L143_ELCEQ_FARDE;Del:F144_LCEQL_ARDEC;Del:A145_CEQLF_RDECR
MEG_4130,Drugs,Mycobacterium_tuberculosis-specific_Drug,Isoniazid-resistant_mutant,NDH,FS-target_synthesis,Mis:R13C_TAQPP_RHRVV,Mis:L50V_RTTHH_FQPLL,Mis:T110A_GHTYQ_PYDSL,Mis:A226E_LPPMG_KLGQR,Mis:R268H_DGTVR_IESAC,Mis:A300P_VELDR_GRVQV,Mis:G313R_DLSIP_YPNVF,Mis:N316K_IPGYP_VFVVG,Mis:G339A_QGAIQ_AKYVA
MEG_4131,Drugs,Mycobacterium_tuberculosis-specific_Drug,Isoniazid-resistant_mutant,NDH,FS-target_synthesis,Mis:R202W_LKGAF_HIDST,Mis:L239P_ARLQK_GVEIQ,Mis:V329A_AAVEG_PGVAQ,Mis:D366G_PFQYF_KGSMA
MEG_4132,Drugs,Mycobacterium_tuberculosis-specific_Drug,Isoniazid-resistant_mutant,NDH,Mis:I17T_HKVVI_GSGFG,Mis:T29P_LTAAK_LKRAD,Mis:H46P_ARTTH_LFQPL,Mis:G84D_AQVLL_DVTHI,Mis:L100P_TVDSV_LGHTY,Mis:A115T_DSLII_AGAGQ,Mis:Y122N_GAGQS_FGNDH,Mis:R145C_DALEL_GRILG,Mis:F170S_AKLLT_TVVGA,Mis:A187P_MAGQI_ELADQ,Mis:V246A_QLGAM_TDVDR,Mis:V272E_ESACK_WSAGV,Mis:V300G_DRAGR_KVQPD,Mis:Q335H_AQGAI_GGRYA,Mis:Y361H_RTPFE_FDKGS
MEG_4161,Drugs,Multi-drug_resistance,Multi-drug_RND_efflux_pumps,NFXB,FS-pump_repressor,Mis:R42G_KATLH_FCGTR,Mis:R82L_LEALQ_LIKEH,Mis:H87R_RLIKE_LTHRE,Nonsense:R23*_IVDRP_ATLKE,Nonsense:E31*_LKELA_AAGVS
MEG_4223,Drugs,Oxazolidinone,Oxazolidinone-resistant_23S_rRNA_mutation,O23S,Nuc:C2579T_TTGGG_TGTTC,Nuc:G2604T_TACGC_AGCTG
MEG_4279,Drugs,betalactams,Mutant_porin_proteins,OMP36,Must:Amino:D133_VLPEF_GDTYG;Amino:G189_TNNGR_FQKQN;Amino:E205_TSVTY_IWDGI;Amino:Y230_QNNST_FSKSY;Amino:F231_NNSTY_SKSYQ;Amino:S234_TYFSK_YQRTY;Amino:Y235_YFSKS_QRTYG;Amino:Q236_FSKSY_RTYGV;Amino:R237_SKSYQ_TYGVL;Amino:T238_KSYQR_YGVLG;Amino:D279_ATRTG_IGFAN
MEG_4280,Drugs,betalactams,Mutant_porin_proteins,OMP36,Must:Amino:G189_TNNGR_YQKQN;Amino:Y190_NNGRG_QKQNG;Amino:S227_TDEQN_VNTRY;Amino:V228_DEQNS_NTRYT;Amino:N229_EQNSV_TRYTD;Amino:R231_NSVNT_YTDSN;Amino:Y232_SVNTR_TDSNG;Amino:T233_VNTRY_DSNGV;Amino:D234_NTRYT_SNGVS;Amino:S235_TRYTD_NGVSR;Amino:N236_RYTDS_GVSRR;Amino:V238_TDSNG_SRRVL;Amino:S239_DSNGV_RRVLG;Amino:R240_SNGVS_RVLGE;Amino:R241_NGVSR_VLGEG;Amino:I280_ATRTG_IGFAN
MEG_4281,Drugs,betalactams,Mutant_porin_proteins,OMP36,Must:Amino:G189_TNNGR_FQKQN;Amino:E205_TSVTY_IWDGI;Amino:Y230_QNNST_FSKSY;Amino:F231_NNSTY_SKSYQ;Amino:S234_TYFSK_YQRTY;Amino:Y235_YFSKS_QRTYG;Amino:Q236_FSKSY_RTYGV;Amino:R237_SKSYQ_TYGVL;Amino:T238_KSYQR_YGVLG;Amino:D279_ATRTG_IGFAN
MEG_4282,Drugs,betalactams,Mutant_porin_proteins,OMP36,Must:Amino:Y51_SDDSV_GDQTY;Amino:D133_VLPEF_GDTYG;Amino:G189_TNNGR_FQKQN;Amino:E205_TSVTY_IWDGI;Amino:Y230_QNNST_FSKSY;Amino:F231_NNSTY_SKSYR;Amino:S234_TYFSK_YRRTY;Amino:Y235_YFSKS_RRTYG;Amino:R236_FSKSY_RTYGV;Amino:R237_SKSYR_TYGVL;Amino:T238_KSYRR_YGVLG;Amino:D279_ATRTG_IGFAN
MEG_4289,Drugs,betalactams,Mutant_porin_proteins,OMPFB,Mis:G141DE_MLPEF_GDTAY
MEG_4296,Drugs,betalactams,Mutant_porin_proteins,OPRD,FS-porin,Nonsense:Q142*_KWGEM_PTAPV,Nonsense:W339*_PGEKS_QARYD
MEG_5322,Drugs,Pactamycin,Pactamycin-resistant_16S_ribosomal_subunit_protein,P16S,Nuc:A633G_GAGTG_AATCC,Nuc:C734T_AGATA_CCGGG,Nuc:C735T_GATAC_CGGGT
MEG_5323,Drugs,Pleuromutilin,Pleuromutilin-resistant_23S_rRNA_mutation,P23S,Nuc:C2069A_CGGGA_GGAAA,Nuc:G2461T_CTGGG_ATAAC,Nuc:A2517T_CCTCG_TGTCG,Nuc:T2518G_CTCGA_GTCGA,Nuc:A2586T_GAGAT_CGTGA
MEG_5325,Drugs,Fluoroquinolones,Fluoroquinolone-resistant_DNA_topoisomerases,PARC,Mis:S87L_HPHGD_ACYEA
MEG_5326,Drugs,Fluoroquinolones,Fluoroquinolone-resistant_DNA_topoisomerases,PARC,Mis:S87R_HPHGD_SAYEA,Mis:E91G_DSSAY_AMVRM
MEG_5327,Drugs,Fluoroquinolones,Fluoroquinolone-resistant_DNA_topoisomerases,PARC,Mis:S82FY_HPHGD_SIYDA,Mis:D86H_DSSIY_AMVRM
MEG_5328,Drugs,Fluoroquinolones,Fluoroquinolone-resistant_DNA_topoisomerases,PARC,Mis:D82N_YHPHG_SSIYE,Mis:S83LW_HPHGD_SIYEA,Mis:S84P_PHGDS_IYEAM,Mis:E87KQ_DSSIY_AMVRM
MEG_5329,Drugs,Fluoroquinolones,Fluoroquinolone-resistant_DNA_topoisomerases,PARC,Mis:S80FY_HPHGD_SVYEA,Mis:E84G_DSSVY_AMVRL
MEG_5330,Drugs,Fluoroquinolones,Fluoroquinolone-resistant_DNA_topoisomerases,PARC,Mis:S91I_HPHGD_SIYEA,Mis:K149R_RDLDR_VVKMA
MEG_5331,Drugs,Fluoroquinolones,Fluoroquinolone-resistant_DNA_topoisomerases,PARC,Mis:G81C_KYHPH_DSSIY,Mis:D82N_YHPHG_SSIYD,Mis:S83IR_HPHGD_SIYDA,Mis:D87GHNVY_DSSIY_AIIRM,Mis:K97R_MSQSW_NNWTT,Mis:V103I_NNWTT_SIHGN
MEG_5332,Drugs,Fluoroquinolones,Fluoroquinolone-resistant_DNA_topoisomerases,PARC,Mis:S80IR_HPHGD_ACYEA
MEG_5333,Drugs,Fluoroquinolones,Fluoroquinolone-resistant_DNA_topoisomerases,PARC,Mis:S80I_HPHGD_ACYEA
MEG_5334,Drugs,Fluoroquinolones,Fluoroquinolone-resistant_DNA_topoisomerases,PARC,Mis:S80IR_HPHGD_ACYEA,Mis:E84K_DSACY_AMVLM
MEG_5335,Drugs,Fluoroquinolones,Fluoroquinolone-resistant_DNA_topoisomerases,PARC,Mis:S80FLY_HPHGD_ACYEA,Mis:E84V_G[SL]ACY_AMVLM
MEG_5336,Drugs,Fluoroquinolones,Fluoroquinolone-resistant_DNA_topoisomerases,PARC,Mis:S80FLY_HPHGD_ACYEA,Mis:E84V_G[SL]ACY_AMVLM
MEG_5337,Drugs,Fluoroquinolones,Fluoroquinolone-resistant_DNA_topoisomerases,PARC,Mis:S80FLY_HPHGD_ACYEA,Mis:E84V_DSACY_AMVLM
MEG_5339,Drugs,Fluoroquinolones,Fluoroquinolone-resistant_DNA_topoisomerases,PARC,Mis:S88FLY_HPHGD_SVYDA,Mis:D92GNY_DSSVY_AMVIL
MEG_5340,Drugs,Fluoroquinolones,Fluoroquinolone-resistant_DNA_topoisomerases,PARC,Mis:S80W_PHGDS_IYDAM,Mis:D83H_DSSIY_AMVRM
MEG_5341,Drugs,Fluoroquinolones,Fluoroquinolone-resistant_DNA_topoisomerases,PARC,Mis:S82ILR_HPHGD_SIYEA
MEG_5342,Drugs,Fluoroquinolones,Fluoroquinolone-resistant_DNA_topoisomerases,PARC,Mis:S80IR_HPHGD_ACYEA,Mis:E84K_DSACY_AMVLM
MEG_5343,Drugs,Fluoroquinolones,Fluoroquinolone-resistant_DNA_topoisomerases,PARC,Mis:S82IR_HPHGD_SIYEA,Mis:E86KT_DSSIY_AMVRM
MEG_5344,Drugs,Fluoroquinolones,Fluoroquinolone-resistant_DNA_topoisomerases,PARC,Mis:E84G_DFSVY_AMVRL
MEG_5345,Drugs,Fluoroquinolones,Fluoroquinolone-resistant_DNA_topoisomerases,PARC,Mis:E84G_DFSVY_AMVRL
MEG_5346,Drugs,Fluoroquinolones,Fluoroquinolone-resistant_DNA_topoisomerases,PARC,Mis:S84FIR_HPHGD_ACYEA
MEG_5347,Drugs,Fluoroquinolones,Fluoroquinolone-resistant_DNA_topoisomerases,PARC,Mis:S80FLY_HPHGD_ACYEA,Mis:E84V_DSACY_AMVLM
MEG_5348,Drugs,Fluoroquinolones,Fluoroquinolone-resistant_DNA_topoisomerases,PARC,Mis:S80IR_HPHGD_ACYEA,Mis:E84K_DSACY_AMVLM
MEG_5350,Drugs,Fluoroquinolones,Fluoroquinolone-resistant_DNA_topoisomerases,PARC,Mis:S80FLY_HPHGD_ACYEA,Mis:E84V_G[SL]ACY_AMVLM
MEG_5351,Drugs,Fluoroquinolones,Fluoroquinolone-resistant_DNA_topoisomerases,PARC,Mis:D86N_YHPHG_SSAYE,Mis:S87IR_HPHGD_SAYEA,Mis:E91G_DSSAY_AMVRM
MEG_5352,Drugs,Fluoroquinolones,Fluoroquinolone-resistant_DNA_topoisomerases,PARC,Mis:S80FLY_HPHGD_ACYEA,Mis:E84V_G[SL]ACY_AMVLM
MEG_5353,Drugs,Fluoroquinolones,Fluoroquinolone-resistant_DNA_topoisomerases,PARC,Mis:S80IR_HPHGD_ACYEA,Mis:E84K_DSACY_AMVLM
MEG_5354,Drugs,Fluoroquinolones,Fluoroquinolone-resistant_DNA_topoisomerases,PARC,Mis:E84G_DFSVY_AMVRL
MEG_5355,Drugs,Fluoroquinolones,Fluoroquinolone-resistant_DNA_topoisomerases,PARC,Mis:E84G_DFSVY_AMVRL
MEG_5356,Drugs,Fluoroquinolones,Fluoroquinolone-resistant_DNA_topoisomerases,PARC,Mis:S80W_PHGDS_IYDAM,Mis:D83H_DSSIY_AMVRM
MEG_5357,Drugs,Fluoroquinolones,Fluoroquinolone-resistant_DNA_topoisomerases,PARC,Mis:S87LW_HPHGD_ACYEA
MEG_5358,Drugs,Fluoroquinolones,Fluoroquinolone-resistant_DNA_topoisomerases,PARC,Mis:S80FLY_HPHGD_ACYEA,Mis:E84V_G[SL]ACY_AMVLM
MEG_5359,Drugs,Fluoroquinolones,Fluoroquinolone-resistant_DNA_topoisomerases,PARC,Mis:E84G_DFSVY_AMVRL
MEG_5361,Drugs,Fluoroquinolones,Fluoroquinolone-resistant_DNA_topoisomerases,PARC,Mis:S80IR_HPHGD_ACYEA,Mis:E84K_DSACY_AMVLM
MEG_5362,Drugs,Fluoroquinolones,Fluoroquinolone-resistant_DNA_topoisomerases,PARC,Mis:E84G_DFSVY_AMVRL
MEG_5363,Drugs,Fluoroquinolones,Fluoroquinolone-resistant_DNA_topoisomerases,PARC,Mis:S80IR_HPHGD_ACYEA,Mis:E84K_DSACY_AMVLM
MEG_5365,Drugs,Aminocoumarins,Aminocoumarin-resistant_DNA_topoisomerases,PARE,Mis:G78S_IDDGR_MPVDI,Mis:R136G_EV[NT]V[KR]_DGQ[IV]Y
MEG_5366,Drugs,Aminocoumarins,Aminocoumarin-resistant_DNA_topoisomerases,PARE,Mis:D434HN_YLVEG_SAGGS,Mis:P587S_LGEMN_EQLWE
MEG_5367,Drugs,Aminocoumarins,Aminocoumarin-resistant_DNA_topoisomerases,PARE,Mis:G78S_EDNGR_MPVDI,Mis:R136G_EVEVQ_QGNLY
MEG_5368,Drugs,Aminocoumarins,Aminocoumarin-resistant_DNA_topoisomerases,PARE,Mis:G78S_EDNGR_MPVDI,Mis:R136G_EVEVQ_QGNLY
MEG_5369,Drugs,Aminocoumarins,Aminocoumarin-resistant_DNA_topoisomerases,PARE,Mis:G78S_VEDDG_GMPVD
MEG_5372,Drugs,Aminocoumarins,Aminocoumarin-resistant_DNA_topoisomerases,PARE,Mis:G78S_VQDHG_GMPTG,Mis:R136G_EVEIT_DGAVY
MEG_5374,Drugs,Aminocoumarins,Aminocoumarin-resistant_DNA_topoisomerases,PARE,Mis:G78S_IDDGR_MPVDI,Mis:R136G_EV[NT]V[KR]_DGQ[IV]Y
MEG_5376,Drugs,Aminocoumarins,Aminocoumarin-resistant_DNA_topoisomerases,PARE,Mis:G78S_VEDDG_GMPVD
MEG_5379,Drugs,Aminocoumarins,Aminocoumarin-resistant_DNA_topoisomerases,PARE,Mis:D434HN_YLVEG_SAGGS,Mis:P587S_LGEMN_EQLWE
MEG_5381,Drugs,Aminocoumarins,Aminocoumarin-resistant_DNA_topoisomerases,PARE,Mis:G78S_IDDGR_MPVDI,Mis:R136G_EV[NT]V[KR]_DGQ[IV]Y
MEG_5382,Drugs,Aminocoumarins,Aminocoumarin-resistant_DNA_topoisomerases,PARE,Mis:G78S_IDDGR_MPVDI,Mis:R136G_EV[NT]V[KR]_DGQ[IV]Y
MEG_5383,Drugs,Aminocoumarins,Aminocoumarin-resistant_DNA_topoisomerases,PARE,Mis:D434HN_YLVEG_SAGGS,Mis:P587S_LGEMN_EQLWE
MEG_5384,Drugs,Aminocoumarins,Aminocoumarin-resistant_DNA_topoisomerases,PARE,Mis:D434HN_YLVEG_SAGGS,Mis:P587S_LGEMN_EQLWE
MEG_5385,Drugs,Aminocoumarins,Aminocoumarin-resistant_DNA_topoisomerases,PARE,Mis:G78S_VQDHG_GMPTG,Mis:R136G_EVEIT_DGAVY
MEG_5387,Drugs,Aminocoumarins,Aminocoumarin-resistant_DNA_topoisomerases,PARE,Mis:D434HN_YLVEG_SAGGS,Mis:P587S_LGEMN_EQLWE
MEG_5388,Drugs,Aminocoumarins,Aminocoumarin-resistant_DNA_topoisomerases,PARE,Mis:G78S_EDNGR_MPVDI,Mis:R136G_EVEVQ_QGNLY
MEG_5390,Drugs,Aminocoumarins,Aminocoumarin-resistant_DNA_topoisomerases,PARE,Mis:D434HN_YLVEG_SAGGS,Mis:P587S_LGEMN_EQLWE
MEG_5391,Drugs,Aminocoumarins,Aminocoumarin-resistant_DNA_topoisomerases,PARE,Mis:D434HN_YLVEG_SAGGS,Mis:P587S_LGEMN_EQLWE
MEG_5393,Drugs,Aminocoumarins,Aminocoumarin-resistant_DNA_topoisomerases,PARE,Mis:G78S_IDDGR_MPVDI,Mis:R136G_EV[NT]V[KR]_DGQ[IV]Y
MEG_5394,Drugs,Fluoroquinolones,Fluoroquinolone-resistant_DNA_topoisomerases,PAREF,Mis:L416F_RTELF_VEGDS,Mis:I444F_PLKGK_LNTWE,Mis:L445H_LKGKI_NTWEV,Mis:S458T_DEVLA_QEVHD,Mis:E460D_VLASQ_VHDIS,Mis:I464F_QEVHD_SVAIG,Mis:D476N_DPDSD_LSQLR,Mis:I529L_PPLYR_DLGKE
MEG_5395,Drugs,Fluoroquinolones,Fluoroquinolone-resistant_DNA_topoisomerases,PAREF,Mis:D434HN_YLVEG_SAGGS,Mis:P587S_LGEMN_EQLWE
MEG_5399,Drugs,betalactams,Penicillin_binding_protein,PBP1A,Mis:S575T_NHIKT_QFVAP,Mis:N609D_TPLVG_GLTVA
MEG_5401,Drugs,betalactams,Penicillin_binding_protein,PBP2,Mis:G482S_VTEPG_TGTAG,Mis:A501PV_AKTGT_RKFVN,Mis:F504L_GTARK_VNGRY,Mis:A510V_VNGRY_DNKHI,Mis:A516G_DNKHI_TFIGF,Mis:E538G_VTIDE_TAHGY,Mis:G545S_AHGYY_GVVAG,Mis:P551S_GVVAG_PFKKI,Ins:D346/347_PSPVR_THVYP
MEG_5406,Drugs,betalactams,Penicillin_binding_protein,PBP2B,Mis:T451A_EYSSN_YMVQT,Mis:E481G_LESAM_KLRST,Mis:T494A_EYGLG_ATGID
MEG_5407,Drugs,betalactams,Penicillin_binding_protein,PBP2X,Mis:I371T_IADVT_RDWDV,Mis:R384G_SLTGG_MMTFS,Mis:N514H_SLTRT_MILVG,Mis:L546V_GQNVA_KSGTA,Mis:N605T_LGEFA_PILER
MEG_5408,Drugs,betalactams,Penicillin_binding_protein,PBP3,Mis:D350N_RDEII_TTSFK,Mis:S357N_TSFKL_GKEIV,Mis:S385T_SNRGV_RLALR,Mis:L389F_VSRLA_RMPPS,Mis:V562L_YYGGA_SAPVF
MEG_5779,Drugs,Lipopeptides,Daptomycin-resistant_mutant,PGSA,Mis:A64V_VDGYL_RKWNL
MEG_5780,Drugs,Lipopeptides,Daptomycin-resistant_mutant,PGSA,Mis:V59D_SLSDF_DGYLA,Mis:A64V_VDGYL_RKWNL,Mis:S177F_IFTIL_GIEYF,Mult:Mis:K75N_VTNMG_FLDPL;Ins:GE76_TNMGK_FLDPL
MEG_5781,Drugs,Phenicol,Phenicol-resistant_23S_rRNA_mutation,PH23S,Nuc:A2088C_CGAAG_CCCTA,Nuc:C2471T_GATAA_AGAGT
MEG_5783,Multi-compound,Drug_and_biocide_resistance,Drug_and_biocide_ABC_efflux_regulator,PHOB,Mis:D191Y_ESHTI_VLMGR
MEG_5785,Drugs,Lipopeptides,Colistin-resistant_mutant,PHOQ,Mis:A143V_RGKQA_YSIVT,Mult:Mis:K123Q_TTRDA_GEEFF;Mis:V260G_AVLQG_GDQLA
MEG_5803,Drugs,Mycobacterium_tuberculosis-specific_Drug,Pyrazinamide-resistant_mutant,PNCA,FS-drug_activator,Mis:M1I__RALII,Mis:A3E_MR_LIIVD,Mis:L4SW_MRA_IIVDV,Mis:I5ST_MRAL_IVDVQ,Mis:I6T_MRALI_VDVQN,Mis:V7DFG_RALII_DVQND,Mis:D8AEGHNY_ALIIV_VQNDF,Mis:V9AG_LIIVD_QNDFC,Mis:Q10KPR_IIVDV_NDFCE,Mis:D12E_VDVQN_FCEGG,Mis:F13LS_DVQND_CEGGS,Mis:C14RY_VQNDF_EGGSL,Mis:G17DS_DFCEG_SLAVT,Mis:L19P_CEGGS_AVTGG,Mis:G23V_SLAVT_GAALA,Mis:A26G_VTGGA_LARAI,Mis:L27PR_TGGAA_ARAIS,Mis:Y34DS_RAISD_LAEAA,Mis:Y41H_AEAAD_HHVVA,Mis:H43P_AADYH_VVATK,Mis:V44G_ADYHH_VATKD,Mis:V45G_DYHHV_ATKDF,Mis:A46EV_YHHVV_TKDFH,Mis:T47PS_HHVVA_KDFHI,Mis:K48E_HVVAT_DFHID,Mis:D49AGNV_VVATK_FHIDP,Mis:H51PQRY_ATKDF_IDPGD,Mis:D53A_KDFHI_PGDHF,Mis:P54QRST_DFHID_GDHFS,Mis:H57PQRY_IDPGD_FSGTP,Mis:F58LS_DPGDH_SGTPD,Mis:P62HLQST_HFSGT_DYSSS,Mis:D63G_FSGTP_YSSSW,Mis:Y64D_SGTPD_SSSWP,Mis:S66P_TPDYS_SWPPH,Mis:S67P_PDYSS_WPPHC,Mis:W68CGLRS_DYSSS_PPHCV,Mis:P69R_YSSSW_PHCVS,Mis:H71EP_SSWPP_CVSGT,Mis:C72RW_SWPPH_VSGTP,Mis:T72P_SWPPH_VSGTP,Mis:T76IP_HCVSG_PGADF,Mis:G78D_VSGTP_ADFHP,Mis:H82R_PGADF_PSLDT,Mis:L85PR_DFHPS_DTSAI,Mis:I90S_LDTSA_EAVFY,Mis:F94CLPS_AIEAV_YKGAY,Mis:K96EMNQRT_EAVFY_GAYTG,Mis:G97ADS_AVFYK_AYTGA,Mis:T100AP_YKGAY_GAYSG,Mis:A102PTV_GAYTG_YSGFE,Mis:Y103H_AYTGA_SGFEG,Mis:S104CR_YTGAY_GFEGV,Mis:T114P_VDENG_PLLNW,Mis:L116R_ENGTP_LNWLR,Mis:N118T_GTPLL_WLRQR,Mis:W119R_TPLLN_LRQRG,Mis:L120R_PLLNW_RQRGV,Mis:R121P_LLNWL_QRGVD,Mis:V125DG_LRQRG_DEVDV,Mis:V128G_RGVDE_DVVGI,Mis:V130G_VDEVD_VGIAT,Mis:G132ACDS_EVDVV_IATDH,Mis:I133T_VDVVG_ATDHC,Mis:A134GV_DVVGI_TDHCV,Mis:T135NP_VVGIA_DHCVR,Mis:D136GHNY_VGIAT_HCVRQ,Mis:H137DP_GIATD_CVRQT,Mis:C138RSWY_IATDH_VRQTA,Mis:V139AGLM_ATDHC_RQTAE,Mis:R140GP_TDHCV_QTAED,Mis:Q141P_DHCVR_TAEDA,Mis:T142AK_HCVRQ_AEDAV,Mis:A143G_CVRQT_EDAVR,Mis:A146ETV_QTAED_VRNGL,Mis:R148S_AEDAV_NGLAT,Mis:N149V_EDAVR_GLATR,Mis:L151S_AVRNG_ATRVL,Mis:T153N_RNGLA_RVLVD,Mis:R154GW_NGLAT_VLVDL,Mis:V155G_GLATR_LVDLT,Mis:L156P_LATRV_VDLTA,Mis:V157G_ATRVL_DLTAG,Mis:L159R_RVLVD_TAGVS,Mis:T160P_VLVDL_AGVSA,Mis:A161GP_LVDLT_GVSAD,Mis:G162V_VDLTA_VSADT,Mis:S164P_LTAGV_ADTTV,Mis:T168N_VSADT_VAALE,Mis:A171PT_DTTVA_LEEMR,Mis:L172AP_TTVAA_EEMRT,Mis:E174G_VAALE_MRTAS,Mis:M175ITV_AALEE_RTASV,Mis:V180AFG_MRTAS_ELVCS,Mis:L182S_TASVE_VCSS,Del:D129_GVDEV_VVGIA,Ins:RSM120_PLLNW_LRQRG,Ins:RSM130_VDEVD_VVGIA,Ins:RSM131_DEVDV_VGIAT,Ins:MWS132_EVDVV_GIATD,Nonsense:C14*_VQNDF_EGGSL,Nonsense:Y41*_AEAAD_HHVVA,Nonsense:Y64*_SGTPD_SSSWP,Nonsense:W68*_DYSSS_PPHCV,Nonsense:S88*_PSLDT_AIEAV,Nonsense:E91*_DTSAI_AVFYK,Nonsense:Y95*_IEAVF_KGAYT,Nonsense:Y99*_FYKGA_TGAYS,Nonsense:G108*_YSGFE_VDENG,Nonsense:W119*_TPLLN_LRQRG,Nonsense:Q122*_LNWLR_RGVDE,Nonsense:Q141*_DHCVR_TAEDA,Nonsense:S164*_LTAGV_ADTTV,Mult:Mis:T135A_VVGIA_DHCVR;Mis:T142M_HCVRQ_AEDAV
MEG_5808,Drugs,Multi-drug_resistance,MDR_mutant_porin_proteins,POR,Mis:G120DK_PLKNT_ANVNA,Mis:A121D_LKNTG_NVNAW,Mult:Mis:G120P_PLKNT_ANVNA;Mis:A121P_LKNTG_NVNAW,Mult:Mis:G120R_PLKNT_ANVNA;Mis:A121H_LKNTG_NVNAW
MEG_5819,Drugs,Fosfomycin,Fosfomycin_target_mutation,PTSL,Mis:V25I_KEDEI_IDRKK
MEG_6045,Drugs,Multi-drug_resistance,Multi-drug_RND_efflux_regulator,RAMR,FS-pump_repressor,Mis:K5E_MARP_SEDKK,Mis:A16D_QALLE_ATAAF,Mis:A19V_LEAAT_AFAQS,Mis:T43M_GVAEG_LFRYF,Mis:I88N_ENARN_WNSYI,Mis:G96D_SYIDW_VRNPM,Mis:T162I_SLAET_IEFAS,Nonsense:E53*_FATKD_LLNEL,Nonsense:W89*_NARNI_NSYID,Nonsense:R108*_HKAIR_MALSE
MEG_6046,Drugs,Multi-drug_resistance,Multi-drug_RND_efflux_regulator,RAMR,FS-pump_repressor,Mis:T18P_LLEAA_QAIAQ,Mis:G25A_AIAQS_IAAST,Mis:R46P_EGTLF_YFATK,Mis:T50P_FRYFA_KDELI,Mis:Y59H_LINTL_LHLKQ,Nonsense:Q19*_LEAAT_AIAQS,Nonsense:E160*_FLALA_TTMDF
MEG_6055,Drugs,Mycobacterium_tuberculosis-specific_Drug,Para-aminosalicylic_acid_resistant_mutant,RIBD,Mis:G8R_DSGQL_AADTP
MEG_6090,Drugs,Rifampin,Rifampin-resistant_beta-subunit_of_RNA_polymerase_RpoB,RPOB,FS-miscellaneous,Mis:P45LS_EPLEV_GLLDV,Mis:V170F_TERVV_SQLVR,Mis:V198F_LHSVK_IPSRG,Mis:E250G_RFGFS_IMRST,Mis:A286V_PTKES_QTLLE,Mis:M390ELV_VGMSR_ERVVR,Mis:Q409EHY_EAITP_TLINI,Mis:A419DT_IRPVV_AIKEF,Mis:I421T_PVVAA_KEFFG,Mis:K422N_VVAAI_EFFGT,Mis:E423K_VAAIK_FFGTS,Mis:F425L_AIKEF_GTSQL,Mis:T427N_KEFFG_SQLSQ,Mis:S428R_EFFGT_QLSQF,Mis:Q429H_FFGTS_LSQFM,Mis:L430PRV_FGTSQ_SQFMD,Mis:S431N_GTSQL_QFMDQ,Mis:Q432EKLPR_TSQLS_FMDQN,Mis:F433L_SQLSQ_MDQNN,Mis:M434V_QLSQF_DQNNP,Mis:D435AGTVY_LSQFM_QNNPL,Mis:Q436HL_SQFMD_NNPLS,Mis:N437IT_QFMDQ_NPLSG,Mis:P439T_MDQNN_LSGLT,Mis:L440M_DQNNP_SGLTH,Mis:S441LPQW_QNNPL_GLTHK,Mis:G442A_NNPLS_LTHKR,Mis:L443S_NPLSG_THKRR,Mis:H445CDGLNPRTY_LSGLT_KRRLS,Mis:K446N_SGLTH_RRLSA,Mis:R447P_GLTHK_RLSAL,Mis:S450FGLQWY_HKRRL_ALGPG,Mis:L452P_RRLSA_GPGGL,Mis:L457R_LGPGG_SRERA,Mis:A462TY_LSRER_GLEVR,Mis:L464M_RERAG_EVRDV,Mis:Y474FHST_VHPSH_GRMCP,Mis:R476GQ_PSHYG_MCPIE,Mis:C478Y_HYGRM_PIETP,Mis:I480V_GRMCP_ETPEG,Mis:E481ADQ_RMCPI_TPEGP,Mis:P483S_CPIET_EGPNI,Mis:P486T_ETPEG_NIGLI,Mis:G489D_EGPNI_LIGSL,Mis:I491FP_PNIGL_GSLSV,Mis:F503S_ARVNP_GFIET,Mis:L731P_EDAII_SNRLV,Mis:R827H_KAREV_DTSLK,Mis:H835R_SLKVP_GESGK,Mis:G836S_LKVPH_ESGKV,Mis:Q975H_VFDGA_EAELQ,Mis:I1106T_VKGEN_PEPGI,Del:Q436_SQFMD_NNPLS,Del:N437/438_QFMDQ_PLSGL,Del:G442_NNPLS_LTHKR,Ins:F433/434_SQLSQ_MDQNN,Ins:FM433/435_SQLSQ_DQNNP,Ins:R434_QLSQF_MDQNN,Nonsense:Q409*_EAITP_TLINI,Nonsense:Q432*_TSQLS_FMDQN,Nonsense:S441*_QNNPL_GLTHK,Nonsense:S450*_HKRRL_ALGPG,Nonsense:Y474*_VHPSH_GRMCP,Mult:Del:G426_IKEFF_TSQLS;Del:T427_KEFFG_SQLSQ,Mult:Mis:G426D_IKEFF_TSQLS;Mis:N437Y_QFMDQ_NPLSG;Mis:L457P_LGPGG_SRERA,Mult:Del:Q432_TSQLS_FMDQN;Del:F433_SQLSQ_MDQNN,Mult:Del:F433_SQLSQ_MDQNN;Del:M434_QLSQF_DQNNP;Del:D435_LSQFM_QNNPL,Mult:Mis:L443W_NPLSG_THKRR;Mis:T444P_PLSGL_HKRRL;Mis:H445Q_LSGLT_KRRLS;Del:K446_SGLTH_RRLSA,Mult:Mis:H445S_LSGLT_KRRLS;Mis:K446Q_SGLTH_RRLSA,Mult:Mis:H445Q_LSGLT_KRRLS;Mis:S450C_HKRRL_ALGPG,Mult:Mis:H445S_LSGLT_KRRLS;Mis:P454H_LSALG_GGLSR,Mult:Mis:E481G_RMCPI_TPEGP;Mis:P483L_CPIET_EGPNI
MEG_6091,Drugs,Rifampin,Rifampin-resistant_beta-subunit_of_RNA_polymerase_RpoB,RPOB,Mis:S456L_HKRRL_ALGPG,Mis:V472I_RAGLE_RDVHP
MEG_6092,Drugs,Rifampin,Rifampin-resistant_beta-subunit_of_RNA_polymerase_RpoB,RPOB,Must:Amino:M414_PVVAA_KEFFG;Amino:R430_QFMDQ_NPLAS;Amino:A434_QRNPL_SLTNK;Amino:S435_RNPLA_LTNKR;Amino:N438_LASLT_KRRLS;Amino:Y464_VRDVH_SHYGR;Amino:M484_PNIGL_GYLSV;Amino:Y486_IGLMG_LSVYA
MEG_6094,Drugs,Rifampin,Rifampin-resistant_beta-subunit_of_RNA_polymerase_RpoB,RPOB,FS-followed_by_frameshift_suppression,Mis:V146F_TERVI_SQLHR,Mis:Q513LP_SSQLS_FMDQN,Mis:D516NV_LSQFM_QNNPL,Mis:S522F_QNNPL_EITHK,Mis:H526Y_LSEIT_KRRIS,Mis:R529CS_ITHKR_ISALG,Mis:S531F_HKRRI_ALGPG,Mis:L533P_RRISA_GPGGL,Mis:T563P_VCPIE_PEGPN,Mis:P564L_CPIET_EGPNI,Mis:I572F_PNIGL_NSLSV,Mis:R687H_GANMQ_QAVPT,Del:A532_KRRIS_LGPGG,Ins:DQ516/518_LSQFM_NNPLS,Mult:Mis:G507V_VKEFF_SSQLS;Del:S508_KEFFG_SQLSQ;Del:S509_EFFGS_QLSQF;Del:Q510_FFGSS_LSQFM;Del:L511_FGSSQ_SQFMD
MEG_6095,Drugs,Rifampin,Rifampin-resistant_beta-subunit_of_RNA_polymerase_RpoB,RPOB,Mis:S488P_GSSQL_QFMDQ,Mis:D492NV_LSQFM_QTNPL,Mis:H502LNY_LSELT_KRRLS,Mis:R505K_LTHKR_LSALG,Mis:S550FY_IGLIN_LATYA,Mis:S575A_VDKEN_RVTNE
MEG_6097,Drugs,Rifampin,Rifampin-resistant_beta-subunit_of_RNA_polymerase_RpoB,RPOB,Mis:D525NY_LSQFM_QNNPL,Mis:H535L_LSEIT_KRRVS,Mis:P544L_VSALG_GGLTR
MEG_6098,Drugs,Rifampin,Rifampin-resistant_beta-subunit_of_RNA_polymerase_RpoB,RPOB,Mis:Q465R_FFGSS_LSQFM,Mis:L466S_FGSSQ_SQFMD,Mis:Q468K_SSQLS_FMDQA,Mis:A473T_QFMDQ_NPLAE,Mis:A477T_QANPL_ELTHK,Mis:H481N_LAELT_KRRLS,Mis:A621E_QVVSA_TACIP,Mis:I953S_PDGRP_DIMLN,Mis:A1085V_VWALE_YGAAY
MEG_6099,Drugs,Rifampin,Rifampin-resistant_beta-subunit_of_RNA_polymerase_RpoB,RPOB,Mis:V146F_TERVI_SQLHR,Mis:Q513LP_SSQLS_FMDQN,Mis:H526Y_LSEIT_KRRIS,Mis:R529CS_ITHKR_ISALG,Mis:S531F_HKRRI_ALGPG,Mis:L533P_RRISA_GPGGL,Mis:T563P_VCPIE_PEGPN,Mis:P564L_CPIET_EGPNI,Mis:R687H_GANMQ_QAVPT
MEG_6100,Drugs,Rifampin,Rifampin-resistant_beta-subunit_of_RNA_polymerase_RpoB,RPOB,Mis:D525NY_LSQFM_QNNPL,Mis:H535L_LSEIT_KRRVS,Mis:P544L_VSALG_GGLTR
MEG_6101,Drugs,Rifampin,Rifampin-resistant_beta-subunit_of_RNA_polymerase_RpoB,RPOB,Mis:Q528KL_SSQLS_FMDQV,Mis:D531N_LSQFM_QVNPL,Mis:S537F_QVNPL_GVTHK,Mis:H541Y_LSGVT_KRRVS,Mis:R544H_VTHKR_VSALG
MEG_6105,Drugs,Rifampin,Rifampin-resistant_beta-subunit_of_RNA_polymerase_RpoB,RPOB,Mis:S482P_EFFGS_QLSQF,Mis:Q486L_SSQLS_FMDQH,Mis:D489V_LSQFM_QHNPL,Mis:H499DLY_LSELS_KRRLS
MEG_6106,Drugs,Rifampin,Rifampin-resistant_beta-subunit_of_RNA_polymerase_RpoB,RPOB,Mis:V138FI_AERVI_SQLVR,Mis:V244I_EGLKD_YERLR,Mis:Q476KR_SSQLS_FMDQT,Mis:D479VY_LSQFM_QTNPL,Mis:Q480H_SQFMD_TNPLG,Mis:G485DV_QTNPL_ELTHK,Mis:H489DQY_LGELT_KRRLS,Mis:R492H_LTHKR_LSALG,Mis:S494L_HKRRL_ALGPG
MEG_6107,Drugs,Rifampin,Rifampin-resistant_beta-subunit_of_RNA_polymerase_RpoB,RPOB,Mis:V146F_TERVI_SQLHR,Mis:Q513LP_SSQLS_FMDQN,Mis:H526Y_LSEIT_KRRIS,Mis:R529CS_ITHKR_ISALG,Mis:S531F_HKRRI_ALGPG,Mis:L533P_RRISA_GPGGL,Mis:T563P_VCPIE_PEGPN,Mis:P564L_CPIET_EGPNI,Mis:R687H_GANMQ_QAVPT
MEG_6108,Drugs,Rifampin,Rifampin-resistant_beta-subunit_of_RNA_polymerase_RpoB,RPOB,Mis:V146F_TERVI_SQLHR,Mis:Q513LP_SSQLS_FMDQN,Mis:H526Y_LSEIT_KRRIS,Mis:R529CS_ITHKR_ISALG,Mis:S531F_HKRRI_ALGPG,Mis:L533P_RRISA_GPGGL,Mis:T563P_VCPIE_PEGPN,Mis:P564L_CPIET_EGPNI,Mis:R687H_GANMQ_QAVPT
MEG_6109,Drugs,Rifampin,Rifampin-resistant_beta-subunit_of_RNA_polymerase_RpoB,RPOB,Mis:D542V_LSQFM_QTNPL,Mis:S548F_QTNPL_EVTHK,Mis:H552NRY_LSEVT_KRRVS,Mis:S557F_HKRRV_ALGPG
MEG_6110,Drugs,Rifampin,Rifampin-resistant_beta-subunit_of_RNA_polymerase_RpoB,RPOB,Mis:Q465R_FFGSS_LSQFM,Mis:L466S_FGSSQ_SQFMD,Mis:Q468K_SSQLS_FMDQA,Mis:A473T_QFMDQ_NPLAE,Mis:A477T_QANPL_ELTHK,Mis:H481N_LAELT_KRRLS,Mis:A621E_QVVSA_TACIP,Mis:I953S_PDGRP_DIMLN,Mis:A1085V_VWALE_YGAAY
MEG_6111,Drugs,Rifampin,Rifampin-resistant_beta-subunit_of_RNA_polymerase_RpoB,RPOB,Mis:Q465R_FFGSS_LSQFM,Mis:L466S_FGSSQ_SQFMD,Mis:Q468K_SSQLS_FMDQA,Mis:A473T_QFMDQ_NPLAE,Mis:A477T_QANPL_ELTHK,Mis:H481N_LAELT_KRRLS,Mis:A621E_QVVSA_TACIP,Mis:I953S_PDGRP_DIMLN,Mis:A1085V_VWALE_YGAAY
MEG_6112,Drugs,Rifampin,Rifampin-resistant_beta-subunit_of_RNA_polymerase_RpoB,RPOB,Mis:Q465R_FFGSS_LSQFM,Mis:L466S_FGSSQ_SQFMD,Mis:Q468K_SSQLS_FMDQA,Mis:A473T_QFMDQ_NPLAE,Mis:A477T_QANPL_ELTHK,Mis:H481N_LAELT_KRRLS,Mis:A621E_QVVSA_TACIP,Mis:I953S_PDGRP_DIMLN,Mis:A1085V_VWALE_YGAAY
MEG_6114,Drugs,Rifampin,Rifampin-resistant_beta-subunit_of_RNA_polymerase_RpoB,RPOB,Mis:Q528KL_SSQLS_FMDQV,Mis:D531N_LSQFM_QVNPL,Mis:S537F_QVNPL_GVTHK,Mis:H541Y_LSGVT_KRRVS,Mis:R544H_VTHKR_VSALG
MEG_6115,Drugs,Rifampin,Rifampin-resistant_beta-subunit_of_RNA_polymerase_RpoB,RPOB,Mis:Q469KLR_SSQLS_FMDQT,Mis:H482DPRY_LAELT_KRRLS,Mis:S487L_HKRRL_ALGPG
MEG_6117,Drugs,Rifampin,Rifampin-resistant_beta-subunit_of_RNA_polymerase_RpoB,RPOB,Mis:Q465R_FFGSS_LSQFM,Mis:L466S_FGSSQ_SQFMD,Mis:Q468K_SSQLS_FMDQA,Mis:A473T_QFMDQ_NPLAE,Mis:A477T_QANPL_ELTHK,Mis:H481N_LAELT_KRRLS,Mis:A621E_QVVSA_TACIP,Mis:I953S_PDGRP_DIMLN,Mis:A1085V_VWALE_YGAAY
MEG_6118,Drugs,Rifampin,Rifampin-resistant_beta-subunit_of_RNA_polymerase_RpoB,RPOB,Mis:V138FI_AERVI_SQLVR,Mis:V244I_EGLKD_YERLR,Mis:Q476KR_SSQLS_FMDQT,Mis:D479VY_LSQFM_QTNPL,Mis:Q480H_SQFMD_TNPLG,Mis:G485DV_QTNPL_ELTHK,Mis:H489DQY_LGELT_KRRLS,Mis:R492H_LTHKR_LSALG,Mis:S494L_HKRRL_ALGPG
MEG_6120,Drugs,Rifampin,Rifampin-resistant_beta-subunit_of_RNA_polymerase_RpoB,RPOB,Mis:S488P_GSSQL_QFMDQ,Mis:D492NV_LSQFM_QTNPL,Mis:H502LNY_LSELT_KRRLS,Mis:R505K_LTHKR_LSALG,Mis:S550FY_IGLIN_LGTYA,Mis:S575A_FDKET_TVTDE
MEG_6121,Drugs,Rifampin,Rifampin-resistant_beta-subunit_of_RNA_polymerase_RpoB,RPOB,Mis:D525NY_LSQFM_QNNPL,Mis:H535L_LSEIT_KRRVS,Mis:P544L_VSALG_GGLTR
MEG_6122,Drugs,Rifampin,Rifampin-resistant_beta-subunit_of_RNA_polymerase_RpoB,RPOB,Mis:V146F_TERVI_SQLHR,Mis:Q513LP_SSQLS_FMDQN,Mis:H526Y_LSEIT_KRRIS,Mis:R529CS_ITHKR_ISALG,Mis:S531F_HKRRI_ALGPG,Mis:L533P_RRISA_GPGGL,Mis:T563P_VCPIE_PEGPN,Mis:P564L_CPIET_EGPNI,Mis:R687H_GANMQ_QAVPT
MEG_6123,Drugs,Rifampin,Rifampin-resistant_beta-subunit_of_RNA_polymerase_RpoB,RPOB,Mis:V146F_TERVI_SQLHR,Mis:Q513LP_SSQLS_FMDQN,Mis:H526Y_LSEIT_KRRIS,Mis:R529CS_ITHKR_ISALG,Mis:S531F_HKRRI_ALGPG,Mis:L533P_RRISA_GPGGL,Mis:T563P_VCPIE_PEGPN,Mis:P564L_CPIET_EGPNI,Mis:R687H_GANMQ_QAVPT
MEG_6124,Drugs,Rifampin,Rifampin-resistant_beta-subunit_of_RNA_polymerase_RpoB,RPOB,Mis:Q465R_FFGSS_LSQFM,Mis:L466S_FGSSQ_SQFMD,Mis:Q468K_SSQLS_FMDQA,Mis:A473T_QFMDQ_NPLAE,Mis:A477T_QANPL_ELTHK,Mis:H481N_LAELT_KRRLS,Mis:A621E_QVVSA_TACIP,Mis:I953S_PDGRP_DIMLN,Mis:A1085V_VWALE_YGAAY
MEG_6125,Drugs,Rifampin,Rifampin-resistant_beta-subunit_of_RNA_polymerase_RpoB,RPOB,Mis:D542V_LSQFM_QTNPL,Mis:S548F_QTNPL_EVTHK,Mis:H552NRY_LSEVT_KRRVS,Mis:S557F_HKRRV_ALGPG
MEG_6126,Drugs,Rifampin,Rifampin-resistant_beta-subunit_of_RNA_polymerase_RpoB,RPOB,Mis:S482P_EFFGS_QLSQF,Mis:Q486L_SSQLS_FMDQH,Mis:D489V_LSQFM_QHNPL,Mis:H499DLY_LSELS_KRRLS
MEG_6128,Drugs,Rifampin,Rifampin-resistant_beta-subunit_of_RNA_polymerase_RpoB,RPOB,Mis:Q465R_FFGSS_LSQFM,Mis:L466S_FGSSQ_SQFMD,Mis:Q468K_SSQLS_FMDQA,Mis:A473T_QFMDQ_NPLAE,Mis:A477T_QANPL_ELTHK,Mis:H481N_LAELT_KRRLS,Mis:A621E_QVVSA_TACIP,Mis:I953S_PDGRP_DIMLN,Mis:A1085V_VWALE_YGAAY
MEG_6130,Drugs,Rifampin,Rifampin-resistant_beta-subunit_of_RNA_polymerase_RpoB,RPOB,Mis:V146F_TERVI_SQLHR,Mis:Q513LP_SSQLS_FMDQN,Mis:H526Y_LSEIT_KRRIS,Mis:R529CS_ITHKR_ISALG,Mis:S531F_HKRRI_ALGPG,Mis:L533P_RRISA_GPGGL,Mis:T563P_VCPIE_PEGPN,Mis:P564L_CPIET_EGPNI,Mis:R687H_GANMQ_QAVPT
MEG_6131,Drugs,Rifampin,Rifampin-resistant_beta-subunit_of_RNA_polymerase_RpoB,RPOB,Mis:D525NY_LSQFM_QNNPL,Mis:H535L_LSEIT_KRRVS,Mis:P544L_VSALG_GGLTR
MEG_6132,Drugs,Rifampin,Rifampin-resistant_beta-subunit_of_RNA_polymerase_RpoB,RPOB,Mis:Q469KLR_SSQLS_FMDQT,Mis:H482DPRY_LAELT_KRRLS,Mis:S487L_HKRRL_ALGPG
MEG_6133,Drugs,Rifampin,Rifampin-resistant_beta-subunit_of_RNA_polymerase_RpoB,RPOB,Mis:Q465R_FFGSS_LSQFM,Mis:L466S_FGSSQ_SQFMD,Mis:Q468K_SSQLS_FMDQA,Mis:A473T_QFMDQ_NPLAE,Mis:A477T_QANPL_ELTHK,Mis:H481N_LAELT_KRRLS,Mis:A621E_QVVSA_TACIP,Mis:I953S_PDGRP_DIMLN,Mis:A1085V_VWALE_YGAAY
MEG_6134,Drugs,Rifampin,Rifampin-resistant_beta-subunit_of_RNA_polymerase_RpoB,RPOB,Mis:A292V_PTKES_QTLLE,Mis:F430L_AAIKE_FGTSQ,Mis:G432DS_IKEFF_TSQLS,Mis:T433AHPS_KEFFG_SQLSQ,Mis:L436PV_FGTSQ_SQFMD,Mis:S437R_GTSQL_QFMDQ,Mis:Q438K_TSQLS_FMDQN,Mis:F439L_SQLSQ_MDQNN,Mis:D441HTVY_LSQFM_QNNPL,Mis:N444K_FMDQN_PLSGL,Mis:L446P_DQNNP_SGLTH,Mis:S447LQ_QNNPL_GLTHK,Mis:G448AW_NNPLS_LTHKR,Mis:T450I_PLSGL_HKRRL,Mis:H451CDFPQRY_LSGLT_KRRLS,Mis:K452N_SGLTH_RRLSA,Mis:R453HP_GLTHK_RLSAL,Mis:S456GLWY_HKRRL_ALGPG,Mis:L458P_RRLSA_GPGGL,Mis:L463R_LGPGG_SRERA,Mis:E466G_GGLSR_RAGLE,Mis:S478A_RDVHP_HYGRM,Mis:I486T_GRMCP_ETPEG,Mis:E487G_RMCPI_TPEGP,Mis:P489L_CPIET_EGPNI,Mis:L496V_GPNIG_IGSLS,Mis:I497F_PNIGL_GSLSV,Mis:L560V_VEPRV_VRRKA,Mis:E598D_MIPFL_HDDAN
MEG_6135,Drugs,Rifampin,Rifampin-resistant_beta-subunit_of_RNA_polymerase_RpoB,RPOB,Mis:V146F_TERVI_SQLHR,Mis:Q513LP_SSQLS_FMDQN,Mis:H526Y_LSEIT_KRRIS,Mis:R529CS_ITHKR_ISALG,Mis:S531F_HKRRI_ALGPG,Mis:L533P_RRISA_GPGGL,Mis:T563P_VCPIE_PEGPN,Mis:P564L_CPIET_EGPNI,Mis:R687H_GANMQ_QAVPT
MEG_6136,Drugs,Multi-drug_resistance,MDR_mutation,MRPOB,Mis:Q465R_FFGSS_LSQFM,Mis:L466S_FGSSQ_SQFMD,Mis:Q468K_SSQLS_FMDQA,Mis:A473T_QFMDQ_NPLAE,Mis:A477T_QANPL_ELTHK,Mis:H481N_LAELT_KRRLS,Mis:A621E_QVVSA_TACIP,Mis:I953S_PDGRP_DIMLN,Mis:A1085V_VWALE_YGAAY
MEG_6138,Drugs,Glycopeptides,Vancomycin-resistant_mutation,RPOC,Mis:D245Y_PMVQL_GGRFA
MEG_6139,Drugs,Lipopeptides,Daptomycin-resistant_beta-subunit_of_RNA_polymerase_RpoC,RPOCL,Mis:F632S_IIAEV_NRFSI,Mis:Q961K_GLPRI_EIFEA
MEG_6142,Drugs,Mycobacterium_tuberculosis-specific_Drug,Pyrazinamide-resistant_mutant,RPSA,FS-stop_codon_pos_26,Mis:D123A_ALKEK_EAVKG,Mis:S324F_GLVHI_ELAER,Mis:E325K_LVHIS_LAERH,Mis:G341R_QVVAV_DDAMV,Mis:D342N_VVAVG_DAMVK,Mis:D343N_VAVGD_AMVKV,Mis:A344P_AVGDD_MVKVI,Mis:I351F_VKVID_DLERR,Mis:A381V_AKYGM_DSYDE,Mis:A412V_FEKQR_EWEAR,Mis:A440T_FAAAE_AGRGA,Nonstop:482,Del:A436/437/438_QMEKF_EAAGR
MEG_6143,Drugs,Tetracyclines,Tetracycline_resistance_ribosomal_protection_proteins,RPSJ,Mis:V57LM_LRSPH_NKTSR
MEG_6144,Drugs,Aminoglycosides,Aminoglycoside-resistant_30S_ribosomal_protein_S12,RPSL,Mis:T40I_TRVYT_TPKKP,Mis:K43R_YTTTP_KPNSA,Mis:K88QR_RGGRV_DLPGV
MEG_6145,Drugs,Aminoglycosides,Aminoglycoside-resistant_16S_ribosomal_subunit_protein,RRSA,Nuc:T130C_GACTT_CATGA
MEG_6146,Drugs,Aminoglycosides,Aminoglycoside-resistant_16S_ribosomal_subunit_protein,RRSC,Nuc:A794GT_TAGAT_CCCTG,Nuc:G926ACT_TGACG_GGGCC,Nuc:A1519CGT_GGGGA_CCTGC
MEG_6147,Drugs,Aminoglycosides,Aminoglycoside-resistant_16S_ribosomal_subunit_protein,RRSH,Nuc:C1192T_GATGA_GTCAA
MEG_6548,Multi-compound,Drug_and_biocide_resistance,Drug_and_biocide_ABC_efflux_regulator,SOXR,Mis:R20H_GEVAK_SGVAV
MEG_6552,Multi-compound,Drug_and_biocide_and_metal_resistance,Drug_and_biocide_and_metal_resistance_regulator,SOXS,Mis:E52K_HQTLG_YIRQR
MEG_6963,Drugs,Tetracyclines,Tetracycline-resistant_16S_ribosomal_subunit_protein,TET16S,Nuc:T570G_GTGTA_CTTCG,Nuc:T572C_GTATC_TCGAA,NucDel:C595_CTCCA_CGCTT
MEG_6964,Drugs,Tetracyclines,Tetracycline-resistant_16S_ribosomal_subunit_protein,TET16S,Nuc:G1032C_GCATG_CTGTC
MEG_7196,Drugs,Tetracyclines,Tetracycline_resistance_MFS_efflux_regulator,TETRM,Must:Amino:H65_MLDRH_THFCP;Amino:T66_LDRHH_HFCPL;Amino:E72_HFCPL_GESWQ;Amino:N83_DFLRN_AKSFR;Amino:A84_FLRNN_KSFRC;Amino:A90_KSFRC_LLSHR;Amino:H94_CALLS_RDGAK;Amino:V100_RDGAK_HLGTR;Amino:H101_DGAKV_LGTRP;Amino:G103_AKVHL_TRPTE;Amino:T104_KVHLG_RPTEK;Amino:P106_HLGTR_TEKQY;Amino:E107_LGTRP_EKQYE
MEG_7250,Drugs,Mycobacterium_tuberculosis-specific_Drug,Para-aminosalicylic_acid_resistant_mutant,THYA,FS-target_synthesis,Mis:T22A_PKSDR_GTGTR,Mis:Y36C_GQQMR_DLSAG,Mis:H75N_GWLHE_GVTIW,Mis:V77F_LHEHG_TIWDE,Mis:W83C_TIWDE_ASDTG,Mis:G91R_DTGEL_PIYGV,Mis:W101R_VQWRS_PAPSG,Mis:S105P_SWPAP_GEHID,Mis:R126Q_TDPDS_RIIVS,Mis:F152V_HAFFQ_YVADG,Mis:C161T_DGRLS_QLYQR,Mis:T202A_GEFIW_GGDCH,Mis:H207R_TGGDC_IYDNH,Mis:P224L_QLSRE_RPYPK,Mis:R235P_LLLAD_DSIFE,Ins:HEH73/76_NIGWL_GVTIW,Nonsense:G76*_WLHEH_VTIWD,Nonsense:W83*_TIWDE_ASDTG,Nonsense:W98*_IYGVQ_RSWPA
MEG_7258,Drugs,Aminoglycosides,Aminoglycoside-resistant_arabinosyltransferase,TLYA,FS-16S_methyltransferase,Mis:R14W_AELVR_GLARS,Mis:A67E_WVSRG_HKLVG,Mis:K69E_SRGAH_LVGAL,Mis:A91E_CLDAG_STGGF,Mis:L118P_VGYGQ_AWSLR,Mis:V128E_RNDPR_VVLER,Mis:L150P_GGRVD_VVADL,Mis:P183L_VPLVK_QFEVG,Mis:F185L_LVKPQ_EVGKG,Mis:N236K_PGPSG_VEYFL,Mis:E238K_PSGNV_YFLWL,Nonsense:R3*_MA_RARVD,Nonsense:R18*_RRGLA_SRQQA,Nonsense:Q22*_ARSRQ_AAELI,Nonsense:Q184*_PLVKP_FEVGK
MEG_7259,Drugs,Rifampin,Rifamycin-resistant_arabinosyltransferase,REMB,Mis:M306IV_GYILG_ARVAD,Mis:Y319D_GYMSN_FRWFG,Mis:Y333H_DPFGW_YNLLA
MEG_7301,Drugs,Elfamycins,EF-Tu_inhibition,TUFAB,Mis:R231C_TVVTG_VERGI,Mis:R334C_PQFYF_TTDVT,Mis:T335A_QFYFR_TDVTG
MEG_7302,Drugs,Elfamycins,EF-Tu_inhibition,TUFAB,Mis:L121Q_TREHI_LGRQV,Mis:Q125EKR_ILLGR_VGVPY,Mis:Y161CDN_ELLSQ_DFPGD,Mis:G317D_LSKDE_GRHTP,Mis:Q330H_KGYRP_FYFRT,Mis:A376STV_DGLRF_IREGG,Mis:E379K_RFAIR_GGRTV
MEG_7304,Drugs,Elfamycins,EF-Tu_inhibition,TUFAB,Mis:G261E_KVVVT_VEMFR
MEG_7305,Drugs,Elfamycins,EF-Tu_inhibition,TUFAB,Mis:G261S_TTTVT_IEMFN,Mis:V278A_HAGDN_ALLLR,Mis:G279A_AGDNA_LLLRG,Mis:V295C_VERGQ_IIKPG
MEG_7306,Drugs,Elfamycins,EF-Tu_inhibition,TUFAB,Must:Amino:T379_EGLRF_IREGG
MEG_7308,Drugs,Elfamycins,EF-Tu_inhibition,TUFAB,Mis:L120Q_QTREH_LLSRQ,Mis:Q124EKR_HILLS_QVGVP,Mis:Y160CDN_RDLLS_YDFPG,Mis:R230CV_GRGTV_TGRVE,Mis:R233FS_TVVTG_VESGI,Mis:G257A_DTQKT_CTGVE,Mis:G275A_EGRAG_NVGVL,Mis:G316D_VYVLS_EEGGR,Mis:Q329H_PFFNG_RPQFY,Mis:R333C_GYRPQ_YFRTT,Mis:T334A_YRPQF_FRTTD,Mis:A375STV_AMDEG_RFAIR,Mis:E378K_EGLRF_IREGG
MEG_7309,Drugs,Elfamycins,EF-Tu_inhibition,TUFAB,Mis:L120Q_QTREH_LLGRQ,Mis:Q124EKR_HILLG_QVGVP,Mis:Y160CDN_RELLS_YDFPG,Mis:R230CV_GTVVT_RVERG,Mis:R233FS_VTGRV_RGIIK,Mis:G257A_AKSTC_GVEMF,Mis:G275A_RAGEN_GVLLR,Mis:G316D_ILSKD_GGRHT,Mis:Q329H_FKGYR_QFYFR,Mis:R333C_RPQFY_RTTDV,Mis:T334A_PQFYF_TTDVT,Mis:A375STV_DEGLR_AIREG,Mis:E378K_LRFAI_EGGRT
MEG_7310,Drugs,Elfamycins,EF-Tu_inhibition,TUFAB,Mis:L120Q_QTREH_LLGRQ,Mis:Q124EKR_HILLG_QVGVP,Mis:Y160CDN_RELLS_YDFPG,Mis:R230CV_GTVVT_RVERG,Mis:R233FS_VTGRV_RGIIK,Mis:G257A_AKSTC_GVEMF,Mis:G275A_RAGEN_GVLLR,Mis:G316D_ILSKD_GGRHT,Mis:Q329H_FKGYR_QFYFR,Mis:R333C_RPQFY_RTTDV,Mis:T334A_PQFYF_TTDVT,Mis:A375STV_DEGLR_AIREG,Mis:E378K_LRFAI_EGGRT
MEG_7312,Drugs,Elfamycins,EF-Tu_inhibition,TUFAB,Mis:L120Q_QTREH_LLGRQ,Mis:Q124EKR_HILLG_QVGVP,Mis:Y160CDN_RELLS_YDFPG,Mis:R230CV_GTVVT_RVERG,Mis:R233FS_VTGRV_RGIIK,Mis:G257A_AKSTC_GVEMF,Mis:G275A_RAGEN_GVLLR,Mis:G316D_ILSKD_GGRHT,Mis:Q329H_FKGYR_QFYFR,Mis:R333C_RPQFY_RTTDV,Mis:T334A_PQFYF_TTDVT,Mis:A375STV_DEGLR_AIREG,Mis:E378K_LRFAI_EGGRT
MEG_7313,Drugs,Elfamycins,EF-Tu_inhibition,TUFAB,Mis:L120Q_QTREH_LLSRN,Mis:Q124EKR_HILLS_NVGVP,Mis:Y160CDN_RDLLS_YDFPG,Mis:R230CV_GTVAT_RVERG,Mis:R233FS_ATGRV_RGQIK,Mis:G257A_SKTTV_GVEMF,Mis:G275A_EAGDN_GALLR,Mis:G316D_VLSKD_GGRHT,Mis:Q329H_FSNYR_QFYFR,Mis:R333C_RPQFY_RTTDV,Mis:T334A_PQFYF_TTDVT,Mis:A375STV_EDGTR_SIREG,Mis:E378K_TRFSI_EGGRT
MEG_7314,Drugs,Elfamycins,EF-Tu_inhibition,TUFAB,Mis:L120Q_QTREH_LLGRQ,Mis:Q124EKR_HILLG_QVGVP,Mis:Y160CDN_RELLS_YDFPG,Mis:R230CV_GTVVT_RVERG,Mis:R233FS_VTGRV_RGIIK,Mis:G257A_AKTTC_GVEMF,Mis:G275A_RAGEN_GVLLR,Mis:G316D_ILSKD_GGRHT,Mis:Q329H_FKGYR_QFYFR,Mis:R333C_RPQFY_RTTDV,Mis:T334A_PQFYF_TTDVT,Mis:A375STV_DDGLR_AIREG
MEG_7315,Drugs,Elfamycins,EF-Tu_inhibition,TUFAB,Mis:L120Q_QTREH_LLGRQ,Mis:Q124EKR_HILLG_QVGVP,Mis:Y160CDN_RELLS_YDFPG,Mis:R230CV_GTVVT_RVERG,Mis:R233FS_VTGRV_RGIIK,Mis:G257A_AKSTC_GVEMF,Mis:G275A_RAGEN_GVLLR,Mis:G316D_ILSKD_GGRHT,Mis:Q329H_FKGYR_QFYFR,Mis:R333C_RPQFY_RTTDV,Mis:T334A_PQFYF_TTDVT,Mis:A375STV_DEGLR_AIREG,Mis:E378K_LRFAI_EGGRT
MEG_7316,Drugs,Elfamycins,EF-Tu_inhibition,TUFAB,Mis:L120Q_QTREH_LLGRQ,Mis:Q124EKR_HILLG_QVGVP,Mis:Y160CDN_RELLS_YDFPG,Mis:R230CV_GTVVT_RVERG,Mis:R233FS_VTGRV_RGIIK,Mis:G257A_AKSTC_GVEMF,Mis:G275A_RAGEN_GVLLR,Mis:G316D_ILSKD_GGRHT,Mis:Q329H_FKGYR_QFYFR,Mis:R333C_RPQFY_RTTDV,Mis:T334A_PQFYF_TTDVT,Mis:A375STV_DEGLR_AIREG,Mis:E378K_LRFAI_EGGRT
MEG_7317,Drugs,Elfamycins,EF-Tu_inhibition,TUFAB,Mis:L120Q_QTREH_LLGRQ,Mis:Q124EKR_HILLG_QVGVP,Mis:Y160CDN_RELLS_YDFPG,Mis:R230CV_GTVVT_RVERG,Mis:R233FS_VTGRV_RGIIK,Mis:G257A_AKTTC_GVEMF,Mis:G275A_RAGEN_GVLLR,Mis:G316D_ILSKD_GGRHT,Mis:Q329H_FKGYR_QFYFR,Mis:R333C_RPQFY_RTTDV,Mis:T334A_PQFYF_TTDVT,Mis:A375STV_DDGLR_AIREG
MEG_7318,Drugs,Elfamycins,EF-Tu_inhibition,TUFAB,Mis:L120Q_QTREH_LLSRN,Mis:Q124EKR_HILLS_NVGVP,Mis:Y160CDN_RDLLS_YDFPG,Mis:R230CV_GTVAT_RVERG,Mis:R233FS_ATGRV_RGQIK,Mis:G257A_SKTTV_GVEMF,Mis:G275A_EAGDN_GALLR,Mis:G316D_VLSKD_GGRHT,Mis:Q329H_FSNYR_QFYFR,Mis:R333C_RPQFY_RTTDV,Mis:T334A_PQFYF_TTDVT,Mis:A375STV_EDGTR_SIREG,Mis:E378K_TRFSI_EGGRT
MEG_7319,Drugs,Elfamycins,EF-Tu_inhibition,TUFAB,Mis:L120Q_QTREH_LLSRN,Mis:Q124EKR_HILLS_NVGVP,Mis:Y160CDN_RDLLS_YDFPG,Mis:R230CV_GTVAT_RVERG,Mis:R233FS_ATGRV_RGQIK,Mis:G257A_SKTTV_GVEMF,Mis:G275A_EAGDN_GALLR,Mis:G316D_VLSKD_GGRHT,Mis:Q329H_FSNYR_QFYFR,Mis:R333C_RPQFY_RTTDV,Mis:T334A_PQFYF_TTDVT,Mis:A375STV_EDGTR_SIREG,Mis:E378K_TRFSI_EGGRT
MEG_7320,Drugs,Elfamycins,EF-Tu_inhibition,TUFAB,Mis:L120Q_QTREH_LLGRQ,Mis:Q124EKR_HILLG_QVGVP,Mis:Y160CDN_RELLS_YDFPG,Mis:R230CV_GTVVT_RVERG,Mis:R233FS_VTGRV_RGIIK,Mis:G257A_AKTTC_GVEMF,Mis:G275A_RAGEN_GVLLR,Mis:G316D_ILSKD_GGRHT,Mis:Q329H_FKGYR_QFYFR,Mis:R333C_RPQFY_RTTDV,Mis:T334A_PQFYF_TTDVT,Mis:A375STV_DDGLR_AIREG
MEG_7321,Drugs,Elfamycins,EF-Tu_inhibition,TUFAB,Mis:L120Q_QTREH_LLSRN,Mis:Q124EKR_HILLS_NVGVP,Mis:Y160CDN_RDLLS_YDFPG,Mis:R230CV_GTVAT_RVERG,Mis:R233FS_ATGRV_RGQIK,Mis:G257A_SKTTV_GVEMF,Mis:G275A_EAGDN_GALLR,Mis:G316D_VLSKD_GGRHT,Mis:Q329H_FSNYR_QFYFR,Mis:R333C_RPQFY_RTTDV,Mis:T334A_PQFYF_TTDVT,Mis:A375STV_EDGTR_SIREG,Mis:E378K_TRFSI_EGGRT
MEG_7329,Drugs,Fosfomycin,Fosfomycin_target_mutation,UHPT,FS-transporter,Mis:G112E_TVLIM_FVLSY,Mis:G358V_SLFAL_ALIFG,Mis:W425R_YTLSG_TDVFI,Nonsense:W228*_RAEEI_EEPVD,Nonsense:Y314*_SLLWG_VSDLL
MEG_7330,Drugs,Fosfomycin,Fosfomycin_target_mutation,UHPT,Mis:E350Q_QHASN_YIYLA
MEG_7333,Drugs,Glycopeptides,VanA-type_resistance_protein,VAN,FS-target_synthesis,Mis:E13G_GGRSA_HEVSI,Mis:G99R_FPVLH_PNGED,Mis:V241D_TLPGE_VKDVA,Mis:D295G_GLSRC_FFLTN,Mis:P313L_ELNSM_GFTEF,Mult:Del:D244_GEVVK_VAFYD;Del:V245_EVVKD_AFYDY
MEG_7806,Drugs,Lipopeptides,Daptomycin-resistant_mutant,WALK,Mis:L10F_KQLQS_HTKLV,Mis:S221P_QTVEM_RGNYT,Mis:R263C_TESEK_RLDSV
MEG_7843,Drugs,Lipopeptides,Daptomycin-resistant_mutant,YYBT,Mis:I440S_FDKVV_IDHHR
