MEG_1,Drugs,Aminoglycosides,Aminoglycoside-resistant_16S_ribosomal_subunit_protein,A16S,Literature,"https://www.ncbi.nlm.nih.gov/pmc/articles/PMC1280162/ 
https://www.pnas.org/doi/10.1073/pnas.0806768106?url_ver=Z39.88-2003&rfr_id=ori%3Arid%3Acrossref.org&rfr_dat=cr_pub++0pubmed"
MEG_2,Drugs,Aminoglycosides,Aminoglycoside-resistant_16S_ribosomal_subunit_protein,A16S,Literature,"https://pubmed.ncbi.nlm.nih.gov/12402084/
https://www.ncbi.nlm.nih.gov/pmc/articles/PMC8375982/#pone.0255612.s014"
MEG_3,Drugs,Aminoglycosides,Aminoglycoside-resistant_16S_ribosomal_subunit_protein,A16S,Literature,"https://www.ncbi.nlm.nih.gov/pmc/articles/PMC105813/
https://pubmed.ncbi.nlm.nih.gov/32142951/"
MEG_4,Drugs,Aminoglycosides,Aminoglycoside-resistant_16S_ribosomal_subunit_protein,A16S,Literature,"https://www.ncbi.nlm.nih.gov/pmc/articles/PMC89873/
https://www.ncbi.nlm.nih.gov/pmc/articles/PMC3706878/"
MEG_5,Drugs,Aminoglycosides,Aminoglycoside-resistant_16S_ribosomal_subunit_protein,A16S,Literature,"https://www.ncbi.nlm.nih.gov/pmc/articles/PMC3133489/
https://www.researchgate.net/publication/352761523_Innovations_in_rapid_Mycoplasma_bovis_diagnostics_with_MALDI-TOF_MS_and_nanopore_sequencing"
MEG_6,Drugs,Aminoglycosides,Aminoglycoside-resistant_16S_ribosomal_subunit_protein,A16S,Literature,https://www.ncbi.nlm.nih.gov/pmc/articles/PMC1891365/
MEG_7,Drugs,Aminoglycosides,Aminoglycoside-resistant_16S_ribosomal_subunit_protein,A16S,Literature,https://pubmed.ncbi.nlm.nih.gov/10770780/
MEG_8,Drugs,Aminoglycosides,Aminoglycoside-resistant_16S_ribosomal_subunit_protein,A16S,Literature,https://pubmed.ncbi.nlm.nih.gov/2583478/
MEG_9,Drugs,Aminoglycosides,Aminoglycoside-resistant_16S_ribosomal_subunit_protein,A16S,Literature,https://pubmed.ncbi.nlm.nih.gov/11557484/
MEG_10,Drugs,Aminoglycosides,Aminoglycoside-resistant_16S_ribosomal_subunit_protein,A16S,Literature,https://www.ncbi.nlm.nih.gov/pmc/articles/PMC1366916/
MEG_11,Drugs,Aminoglycosides,Aminoglycoside-resistant_16S_ribosomal_subunit_protein,A16S,Literature,"https://academic.oup.com/jid/article/177/6/1573/2190858?login=false
https://www.ncbi.nlm.nih.gov/pmc/articles/PMC3133489/"
MEG_12,Drugs,Aminoglycosides,Aminoglycoside-resistant_16S_ribosomal_subunit_protein,A16S,Literature,https://pubmed.ncbi.nlm.nih.gov/12709313/
MEG_411,Multi-compound,Drug_and_biocide_resistance,Drug_and_biocide_RND_efflux_regulator,ACRR,Literature,"https://pubmed.ncbi.nlm.nih.gov/16189130/
https://www.ncbi.nlm.nih.gov/pmc/articles/PMC182603/"
MEG_413,Multi-compound,Drug_and_biocide_resistance,Drug_and_biocide_RND_efflux_regulator,ACRR,CARD,
MEG_414,Multi-compound,Drug_and_biocide_resistance,Drug_and_biocide_RND_efflux_regulator,ACRR,CARD,
MEG_1187,Multi-compound,Drug_and_biocide_resistance,Drug_and_biocide_RND_efflux_pumps,AXYZ,CARD,
MEG_1197,Drugs,Cationic_antimicrobial_peptides,Polymyxin_B_resistance_regulator,BASRS,CARD,
MEG_1490,Drugs,Cationic_antimicrobial_peptides,Cationic_peptide-resistant_16S_ribosomal_subunit_protein,CAP16S,Literature,https://card.mcmaster.ca/ontology/39807
MEG_1628,Drugs,Phenicol,Chloramphenicol_acetyltransferases,CATB,Literature,https://www.frontiersin.org/articles/10.3389/fmicb.2017.00297/full
MEG_1642,Drugs,Lipopeptides,Daptomycin-resistant_mutant,CDSA,CARD,
MEG_1730,Drugs,Lipopeptides,Daptomycin-resistant_mutant,CLS,CARD,
MEG_1731,Drugs,Lipopeptides,Daptomycin-resistant_mutant,CLS,CARD,
MEG_1732,Drugs,Lipopeptides,Daptomycin-resistant_mutant,CLS,CARD,
MEG_2572,Drugs,Trimethoprim,Dihydrofolate_reductase,DFRC,MetaMARC,
MEG_2573,Drugs,Trimethoprim,Dihydrofolate_reductase,DFRC,MetaMARC,
MEG_2693,Drugs,Multi-drug_resistance,Multi-drug_ABC_efflux_pumps,EATAV,Literature,https://journals.asm.org/doi/10.1128/AAC.01030-13?url_ver=Z39.88-2003&rfr_id=ori:rid:crossref.org&rfr_dat=cr_pub%20%200pubmed
MEG_2694,Drugs,Multi-drug_resistance,Multi-drug_ABC_efflux_pumps,EATAV,CARD,
MEG_2709,Drugs,Mycobacterium_tuberculosis-specific_Drug,Ethambutol_resistant_arabinosyltransferase,EMBA,CARD,
MEG_2710,Drugs,Mycobacterium_tuberculosis-specific_Drug,Ethambutol_resistant_arabinosyltransferase,EMBB,CARD,
MEG_2712,Drugs,Mycobacterium_tuberculosis-specific_Drug,Ethambutol_resistant_arabinosyltransferase,EMBC,CARD,
MEG_2713,Drugs,Mycobacterium_tuberculosis-specific_Drug,Ethambutol_resistant_arabinosyltransferase,EMBR,CARD,
MEG_2866,Drugs,Mycobacterium_tuberculosis-specific_Drug,Ethionamide-resistant_mutant,ETHA,CARD,
MEG_2873,Biocides,Phenolic_compound_resistance,Triclosan-resistant_mutation,FABG,CARD,
MEG_2933,Drugs,Mycobacterium_tuberculosis-specific_Drug,Para-aminosalicylic_acid_resistant_mutant,FOLC,CARD,
MEG_2935,Drugs,Sulfonamides,Sulfonamide-resistant_dihydropteroate_synthases,FOLP,CARD,
MEG_2937,Drugs,Sulfonamides,Sulfonamide-resistant_dihydropteroate_synthases,FOLP,MetaMARC,
MEG_2938,Drugs,Sulfonamides,Sulfonamide-resistant_dihydropteroate_synthases,FOLP,MetaMARC,
MEG_2943,Drugs,Sulfonamides,Sulfonamide-resistant_dihydropteroate_synthases,FOLP,MetaMARC,
MEG_2945,Drugs,Sulfonamides,Sulfonamide-resistant_dihydropteroate_synthases,FOLP,MetaMARC,
MEG_2947,Drugs,Sulfonamides,Sulfonamide-resistant_dihydropteroate_synthases,FOLP,MetaMARC,
MEG_2948,Drugs,Sulfonamides,Sulfonamide-resistant_dihydropteroate_synthases,FOLP,MetaMARC,
MEG_2949,Drugs,Sulfonamides,Sulfonamide-resistant_dihydropteroate_synthases,FOLP,MetaMARC,
MEG_2950,Drugs,Sulfonamides,Sulfonamide-resistant_dihydropteroate_synthases,FOLP,MetaMARC,
MEG_2951,Drugs,Sulfonamides,Sulfonamide-resistant_dihydropteroate_synthases,FOLP,MetaMARC,
MEG_2953,Drugs,Sulfonamides,Sulfonamide-resistant_dihydropteroate_synthases,FOLP,Literature,"https://www.ncbi.nlm.nih.gov/pmc/articles/PMC547345/
https://www.ncbi.nlm.nih.gov/pmc/articles/PMC6817357/"
MEG_2955,Drugs,Sulfonamides,Sulfonamide-resistant_dihydropteroate_synthases,FOLP,MetaMARC,
MEG_2956,Drugs,Sulfonamides,Sulfonamide-resistant_dihydropteroate_synthases,FOLP,MetaMARC,
MEG_2959,Drugs,Sulfonamides,Sulfonamide-resistant_dihydropteroate_synthases,FOLP,MetaMARC,
MEG_2960,Drugs,Sulfonamides,Sulfonamide-resistant_dihydropteroate_synthases,FOLP,MetaMARC,
MEG_2961,Drugs,Sulfonamides,Sulfonamide-resistant_dihydropteroate_synthases,FOLP,MetaMARC,
MEG_2962,Drugs,Sulfonamides,Sulfonamide-resistant_dihydropteroate_synthases,FOLP,MetaMARC,
MEG_2966,Drugs,Sulfonamides,Sulfonamide-resistant_dihydropteroate_synthases,FOLP,MetaMARC,
MEG_2968,Drugs,Sulfonamides,Sulfonamide-resistant_dihydropteroate_synthases,FOLP,MetaMARC,
MEG_2970,Drugs,Sulfonamides,Sulfonamide-resistant_dihydropteroate_synthases,FOLP,MetaMARC,
MEG_2971,Drugs,Sulfonamides,Sulfonamide-resistant_dihydropteroate_synthases,FOLP,MetaMARC,
MEG_2972,Drugs,Sulfonamides,Sulfonamide-resistant_dihydropteroate_synthases,FOLP,MetaMARC,
MEG_3065,Drugs,Fusidic_acid,Fusidic_acid-resistant_mutation,FUSA,CARD,
MEG_3071,Drugs,Fusidic_acid,Fusidic_acid-resistant_mutation,FUSE,CARD,
MEG_3135,Drugs,Aminoglycosides,Aminoglycoside-resistant_gidB,GIDB,CARD,
MEG_3143,Drugs,Fosfomycin,Fosfomycin_target_mutation,GLPT,CARD,
MEG_3144,Drugs,Fosfomycin,Fosfomycin_target_mutation,GLPT,CARD,
MEG_3175,Drugs,Lipopeptides,Daptomycin-resistant_mutant,GSHF,CARD,
MEG_3176,Drugs,Fluoroquinolones,Fluoroquinolone-resistant_DNA_topoisomerases,GYRA,CARD,
MEG_3177,Drugs,Fluoroquinolones,Fluoroquinolone-resistant_DNA_topoisomerases,GYRA,CARD,
MEG_3178,Drugs,Fluoroquinolones,Fluoroquinolone-resistant_DNA_topoisomerases,GYRA,CARD,
MEG_3179,Drugs,Fluoroquinolones,Fluoroquinolone-resistant_DNA_topoisomerases,GYRA,CARD,
MEG_3180,Drugs,Fluoroquinolones,Fluoroquinolone-resistant_DNA_topoisomerases,GYRA,CARD,
MEG_3181,Drugs,Fluoroquinolones,Fluoroquinolone-resistant_DNA_topoisomerases,GYRA,CARD,
MEG_3182,Drugs,Fluoroquinolones,Fluoroquinolone-resistant_DNA_topoisomerases,GYRA,CARD,
MEG_3183,Drugs,Fluoroquinolones,Fluoroquinolone-resistant_DNA_topoisomerases,GYRA,CARD,
MEG_3184,Drugs,Fluoroquinolones,Fluoroquinolone-resistant_DNA_topoisomerases,GYRA,CARD,
MEG_3185,Drugs,Fluoroquinolones,Fluoroquinolone-resistant_DNA_topoisomerases,GYRA,CARD,
MEG_3186,Drugs,Fluoroquinolones,Fluoroquinolone-resistant_DNA_topoisomerases,GYRA,CARD,
MEG_3187,Drugs,Fluoroquinolones,Fluoroquinolone-resistant_DNA_topoisomerases,GYRA,CARD,
MEG_3189,Drugs,Fluoroquinolones,Fluoroquinolone-resistant_DNA_topoisomerases,GYRA,MetaMARC,
MEG_3190,Drugs,Fluoroquinolones,Fluoroquinolone-resistant_DNA_topoisomerases,GYRA,MetaMARC,
MEG_3191,Drugs,Fluoroquinolones,Fluoroquinolone-resistant_DNA_topoisomerases,GYRA,MetaMARC,
MEG_3192,Drugs,Fluoroquinolones,Fluoroquinolone-resistant_DNA_topoisomerases,GYRA,MetaMARC,
MEG_3193,Drugs,Fluoroquinolones,Fluoroquinolone-resistant_DNA_topoisomerases,GYRA,MetaMARC,
MEG_3194,Drugs,Fluoroquinolones,Fluoroquinolone-resistant_DNA_topoisomerases,GYRA,MetaMARC,
MEG_3198,Drugs,Fluoroquinolones,Fluoroquinolone-resistant_DNA_topoisomerases,GYRA,MetaMARC,
MEG_3199,Drugs,Fluoroquinolones,Fluoroquinolone-resistant_DNA_topoisomerases,GYRA,MetaMARC,
MEG_3200,Drugs,Fluoroquinolones,Fluoroquinolone-resistant_DNA_topoisomerases,GYRA,Literature,"https://www.ncbi.nlm.nih.gov/pmc/articles/PMC89232/
https://www.ncbi.nlm.nih.gov/pmc/articles/PMC7035903/"
MEG_3201,Drugs,Fluoroquinolones,Fluoroquinolone-resistant_DNA_topoisomerases,GYRA,MetaMARC,
MEG_3202,Drugs,Fluoroquinolones,Fluoroquinolone-resistant_DNA_topoisomerases,GYRA,MetaMARC,
MEG_3203,Drugs,Fluoroquinolones,Fluoroquinolone-resistant_DNA_topoisomerases,GYRA,Literature,"https://www.ncbi.nlm.nih.gov/pmc/articles/PMC1855460/
https://www.ncbi.nlm.nih.gov/pmc/articles/PMC2224291/"
MEG_3204,Drugs,Fluoroquinolones,Fluoroquinolone-resistant_DNA_topoisomerases,GYRA,Literature,"https://pubmed.ncbi.nlm.nih.gov/32471292/
https://www.ncbi.nlm.nih.gov/pmc/articles/PMC5131997/table/pone.0166199.t008/
https://www.ncbi.nlm.nih.gov/pmc/articles/PMC5157799/
https://www.ncbi.nlm.nih.gov/pmc/articles/PMC8781667/"
MEG_3205,Drugs,Fluoroquinolones,Fluoroquinolone-resistant_DNA_topoisomerases,GYRA,MetaMARC,
MEG_3206,Drugs,Fluoroquinolones,Fluoroquinolone-resistant_DNA_topoisomerases,GYRA,Literature,"https://www.ncbi.nlm.nih.gov/pmc/articles/PMC3985860/
https://www.ncbi.nlm.nih.gov/pmc/articles/PMC5715326/"
MEG_3207,Drugs,Fluoroquinolones,Fluoroquinolone-resistant_DNA_topoisomerases,GYRA,MetaMARC,
MEG_3208,Drugs,Fluoroquinolones,Fluoroquinolone-resistant_DNA_topoisomerases,GYRA,Literature,"https://www.ncbi.nlm.nih.gov/pmc/articles/PMC6403068/
https://www.ncbi.nlm.nih.gov/pmc/articles/PMC7501041/"
MEG_3209,Drugs,Fluoroquinolones,Fluoroquinolone-resistant_DNA_topoisomerases,GYRA,MetaMARC,
MEG_3211,Drugs,Fluoroquinolones,Fluoroquinolone-resistant_DNA_topoisomerases,GYRA,MetaMARC,
MEG_3212,Drugs,Fluoroquinolones,Fluoroquinolone-resistant_DNA_topoisomerases,GYRA,MetaMARC,
MEG_3215,Drugs,Fluoroquinolones,Fluoroquinolone-resistant_DNA_topoisomerases,GYRA,MetaMARC,
MEG_3216,Drugs,Fluoroquinolones,Fluoroquinolone-resistant_DNA_topoisomerases,GYRA,Literature,"https://www.ncbi.nlm.nih.gov/pmc/articles/PMC4136007/
https://pubmed.ncbi.nlm.nih.gov/23643392/
https://journals.asm.org/doi/10.1128/AAC.46.8.2676-2678.2002"
MEG_3217,Drugs,Fluoroquinolones,Fluoroquinolone-resistant_DNA_topoisomerases,GYRA,MetaMARC,
MEG_3218,Drugs,Fluoroquinolones,Fluoroquinolone-resistant_DNA_topoisomerases,GYRA,MetaMARC,
MEG_3219,Drugs,Fluoroquinolones,Fluoroquinolone-resistant_DNA_topoisomerases,GYRA,Literature,"https://pubmed.ncbi.nlm.nih.gov/19364867/
https://pubmed.ncbi.nlm.nih.gov/27842877/
https://pubmed.ncbi.nlm.nih.gov/11451695/
https://pubmed.ncbi.nlm.nih.gov/18480338/"
MEG_3220,Drugs,Fluoroquinolones,Fluoroquinolone-resistant_DNA_topoisomerases,GYRA,MetaMARC,
MEG_3221,Drugs,Fluoroquinolones,Fluoroquinolone-resistant_DNA_topoisomerases,GYRA,MetaMARC,
MEG_3222,Drugs,Fluoroquinolones,Fluoroquinolone-resistant_DNA_topoisomerases,GYRA,MetaMARC,
MEG_3223,Drugs,Fluoroquinolones,Fluoroquinolone-resistant_DNA_topoisomerases,GYRA,MetaMARC,
MEG_3224,Drugs,Fluoroquinolones,Fluoroquinolone-resistant_DNA_topoisomerases,GYRA,Literature,https://www.ncbi.nlm.nih.gov/pmc/articles/PMC88402/
MEG_3225,Drugs,Fluoroquinolones,Fluoroquinolone-resistant_DNA_topoisomerases,GYRA,MetaMARC,
MEG_3226,Drugs,Fluoroquinolones,Fluoroquinolone-resistant_DNA_topoisomerases,GYRA,Literature,"https://pubmed.ncbi.nlm.nih.gov/8540700/
https://pubmed.ncbi.nlm.nih.gov/22821356/
https://aricjournal.biomedcentral.com/articles/10.1186/s13756-020-00793-8"
MEG_3227,Drugs,Fluoroquinolones,Fluoroquinolone-resistant_DNA_topoisomerases,GYRA,MetaMARC,
MEG_3228,Drugs,Fluoroquinolones,Fluoroquinolone-resistant_DNA_topoisomerases,GYRA,MetaMARC,
MEG_3229,Drugs,Fluoroquinolones,Fluoroquinolone-resistant_DNA_topoisomerases,GYRA,MetaMARC,
MEG_3230,Drugs,Fluoroquinolones,Fluoroquinolone-resistant_DNA_topoisomerases,GYRA,MetaMARC,
MEG_3231,Drugs,Fluoroquinolones,Fluoroquinolone-resistant_DNA_topoisomerases,GYRA,Literature,https://pubmed.ncbi.nlm.nih.gov/19414571/
MEG_3232,Drugs,Fluoroquinolones,Fluoroquinolone-resistant_DNA_topoisomerases,GYRA,MetaMARC,
MEG_3233,Drugs,Fluoroquinolones,Fluoroquinolone-resistant_DNA_topoisomerases,GYRA,MetaMARC,
MEG_3234,Drugs,Fluoroquinolones,Fluoroquinolone-resistant_DNA_topoisomerases,GYRA,MetaMARC,
MEG_3235,Drugs,Fluoroquinolones,Fluoroquinolone-resistant_DNA_topoisomerases,GYRA,MetaMARC,
MEG_3236,Drugs,Fluoroquinolones,Fluoroquinolone-resistant_DNA_topoisomerases,GYRA,MetaMARC,
MEG_3237,Drugs,Fluoroquinolones,Fluoroquinolone-resistant_DNA_topoisomerases,GYRA,MetaMARC,
MEG_3238,Drugs,Fluoroquinolones,Fluoroquinolone-resistant_DNA_topoisomerases,GYRB,CARD,
MEG_3239,Drugs,Fluoroquinolones,Fluoroquinolone-resistant_DNA_topoisomerases,GYRB,CARD,
MEG_3240,Drugs,Fluoroquinolones,Fluoroquinolone-resistant_DNA_topoisomerases,GYRB,CARD,
MEG_3241,Drugs,Fluoroquinolones,Fluoroquinolone-resistant_DNA_topoisomerases,GYRB,CARD,
MEG_3242,Drugs,Fluoroquinolones,Fluoroquinolone-resistant_DNA_topoisomerases,GYRB,CARD,
MEG_3243,Drugs,Fluoroquinolones,Fluoroquinolone-resistant_DNA_topoisomerases,GYRB,CARD,
MEG_3244,Drugs,Aminocoumarins,Aminocoumarin-resistant_DNA_topoisomerases,GYRBA,CARD,
MEG_3245,Drugs,Aminocoumarins,Aminocoumarin-resistant_DNA_topoisomerases,GYRBA,CARD,
MEG_3246,Drugs,Aminocoumarins,Aminocoumarin-resistant_DNA_topoisomerases,GYRBA,CARD,
MEG_3251,Drugs,Fluoroquinolones,Fluoroquinolone-resistant_DNA_topoisomerases,GYRC,CARD,
MEG_3296,Drugs,Mupirocin,Mupirocin-resistant_isoleucyl-tRNA_synthetase,ILES,CARD,
MEG_3429,Drugs,Mycobacterium_tuberculosis-specific_Drug,Isoniazid-resistant_mutant,INHA,CARD,
MEG_3430,Drugs,Mycobacterium_tuberculosis-specific_Drug,Ethambutol-resistant_mutant,INIA,CARD,
MEG_3431,Drugs,Mycobacterium_tuberculosis-specific_Drug,Ethambutol-resistant_mutant,INIB,CARD,
MEG_3432,Drugs,Mycobacterium_tuberculosis-specific_Drug,Ethambutol-resistant_mutant,INIC,CARD,
MEG_3445,Drugs,Mycobacterium_tuberculosis-specific_Drug,Isoniazid-resistant_mutant,KASA,CARD,
MEG_3446,Drugs,Mycobacterium_tuberculosis-specific_Drug,Isoniazid-resistant_mutant,KATG,CARD,
MEG_3586,Drugs,Lipopeptides,Daptomycin-resistant_mutant,LIAFSR,CARD,
MEG_3587,Drugs,Lipopeptides,Daptomycin-resistant_mutant,LIAFSR,CARD,
MEG_3588,Drugs,Lipopeptides,Daptomycin-resistant_mutant,LIAFSR,CARD,
MEG_3589,Drugs,Lipopeptides,Daptomycin-resistant_mutant,LIAFSR,CARD,
MEG_3590,Drugs,Lipopeptides,Daptomycin-resistant_mutant,LIAFSR,CARD,
MEG_3591,Drugs,Lipopeptides,Daptomycin-resistant_mutant,LIAFSR,CARD,
MEG_3594,Drugs,Multi-drug_resistance,Multi-drug_ABC_efflux_pumps,LMRA,CARD,
MEG_3626,Drugs,Lipopeptides,Colistin-resistant_mutant,LPXA,CARD,
MEG_3627,Drugs,Lipopeptides,Colistin-resistant_mutant,LPXC,CARD,
MEG_3740,Drugs,Multi-drug_resistance,MDR_23S_rRNA_mutation,MDR23S,Literature,"https://www.ncbi.nlm.nih.gov/pmc/articles/PMC3697725/
https://www.ncbi.nlm.nih.gov/pmc/articles/PMC3331984/
https://academic.oup.com/cid/article/47/12/1546/332311?login=false
https://www.ncbi.nlm.nih.gov/pmc/articles/PMC5654908/"
MEG_3831,Drugs,Lipopeptides,Lysocin-resistant_mutant,MENA,CARD,
MEG_3931,Multi-compound,Drug_and_biocide_resistance,Drug_and_biocide_RND_efflux_regulator,MEXS,Literature,"https://card.mcmaster.ca/ontology/37193
https://pubmed.ncbi.nlm.nih.gov/26833155/"
MEG_3941,Multi-compound,Drug_and_biocide_resistance,Drug_and_biocide_RND_efflux_regulator,MEXZ,Literature,https://www.ncbi.nlm.nih.gov/pmc/articles/PMC6104031/
MEG_3975,Drugs,MLS,Macrolide-resistant_23S_rRNA_mutation,MLS23S,Literature,"https://onlinelibrary.wiley.com/doi/full/10.1046/j.1365-2958.1997.5811946.x?sid=nlm%3Apubmed
https://journals.asm.org/doi/10.1128/AAC.47.10.3053-3060.2003?url_ver=Z39.88-2003&rfr_id=ori:rid:crossref.org&rfr_dat=cr_pub%20%200pubmed"
MEG_3976,Drugs,MLS,Macrolide-resistant_23S_rRNA_mutation,MLS23S,Literature,"https://journals.asm.org/doi/10.1128/AAC.45.1.1-12.2001?url_ver=Z39.88-2003&rfr_id=ori:rid:crossref.org&rfr_dat=cr_pub%20%200pubmed#TF2-c
https://www.ncbi.nlm.nih.gov/pmc/articles/PMC89082/
https://pubmed.ncbi.nlm.nih.gov/32708761/
https://www.ncbi.nlm.nih.gov/pmc/articles/PMC8716959/"
MEG_3977,Drugs,MLS,Macrolide-resistant_23S_rRNA_mutation,MLS23S,Literature,https://pubmed.ncbi.nlm.nih.gov/1531223/
MEG_3978,Drugs,MLS,Macrolide-resistant_23S_rRNA_mutation,MLS23S,Literature,"https://www.ncbi.nlm.nih.gov/pmc/articles/PMC6219419/
https://pubmed.ncbi.nlm.nih.gov/25923017/
https://www.nature.com/articles/srep35711"
MEG_3979,Drugs,MLS,Macrolide-resistant_23S_rRNA_mutation,MLS23S,Literature,https://journals.asm.org/doi/10.1128/AAC.46.10.3142-3150.2002?url_ver=Z39.88-2003&rfr_id=ori:rid:crossref.org&rfr_dat=cr_pub%20%200pubmed
MEG_3980,Drugs,MLS,Macrolide-resistant_23S_rRNA_mutation,MLS23S,Literature,https://www.ncbi.nlm.nih.gov/pmc/articles/PMC90232/
MEG_3981,Drugs,MLS,Macrolide-resistant_23S_rRNA_mutation,MLS23S,Literature,"https://www.ncbi.nlm.nih.gov/pmc/articles/PMC90232/
https://www.ncbi.nlm.nih.gov/pmc/articles/PMC1203800/pdf/ge1232281.pdf"
MEG_3982,Drugs,MLS,Macrolide-resistant_23S_rRNA_mutation,MLS23S,Literature,"https://pubmed.ncbi.nlm.nih.gov/8807061/
https://pubmed.ncbi.nlm.nih.gov/27799212/
https://academic.oup.com/jac/article/67/11/2606/711083?login=false"
MEG_3983,Drugs,MLS,Macrolide-resistant_23S_rRNA_mutation,MLS23S,Literature,https://pubmed.ncbi.nlm.nih.gov/12234836/
MEG_3984,Drugs,MLS,Macrolide-resistant_23S_rRNA_mutation,MLS23S,Literature,"https://journals.asm.org/doi/10.1128/AAC.39.12.2625?url_ver=Z39.88-2003&rfr_id=ori:rid:crossref.org&rfr_dat=cr_pub%20%200pubmed
https://pubmed.ncbi.nlm.nih.gov/10897378/
https://www.ncbi.nlm.nih.gov/pmc/articles/PMC90125/"
MEG_3985,Drugs,MLS,Macrolide-resistant_23S_rRNA_mutation,MLS23S,Literature,"https://www.ncbi.nlm.nih.gov/pmc/articles/PMC284463/
https://www.sciencedirect.com/science/article/abs/pii/S0962847999902277"
MEG_3986,Drugs,MLS,Macrolide-resistant_23S_rRNA_mutation,MLS23S,Literature,"https://journals.asm.org/doi/10.1128/AAC.48.4.1347-1349.2004?url_ver=Z39.88-2003&rfr_id=ori:rid:crossref.org&rfr_dat=cr_pub%20%200pubmed
https://pubmed.ncbi.nlm.nih.gov/26622462/
https://pubmed.ncbi.nlm.nih.gov/17908942/
https://ann-clinmicrob.biomedcentral.com/articles/10.1186/s12941-021-00465-4"
MEG_3987,Drugs,MLS,Macrolide-resistant_23S_rRNA_mutation,MLS23S,Literature,"https://www.ncbi.nlm.nih.gov/pmc/articles/PMC149329/
https://www.ncbi.nlm.nih.gov/pmc/articles/PMC5240756/
https://www.ncbi.nlm.nih.gov/pmc/articles/PMC5452823/"
MEG_3988,Drugs,MLS,Macrolide-resistant_23S_rRNA_mutation,MLS23S,Literature,"https://pubmed.ncbi.nlm.nih.gov/17509804/
https://www.ncbi.nlm.nih.gov/pmc/articles/PMC5841113/"
MEG_3989,Drugs,MLS,Macrolide-resistant_23S_rRNA_mutation,MLS23S,Literature,"https://pubmed.ncbi.nlm.nih.gov/8593017/
https://academic.oup.com/labmed/article/44/1/63/2657810"
MEG_3990,Drugs,MLS,Macrolide-resistant_23S_rRNA_mutation,MLS23S,Literature,https://pubmed.ncbi.nlm.nih.gov/2834204/
MEG_3991,Drugs,MLS,Macrolide-resistant_23S_rRNA_mutation,MLS23S,Literature,"https://www.ncbi.nlm.nih.gov/pmc/articles/PMC90232/
https://pubmed.ncbi.nlm.nih.gov/21555771/"
MEG_3992,Drugs,MLS,Macrolide-resistant_23S_rRNA_mutation,MLS23S,Literature,"https://journals.asm.org/doi/10.1128/AAC.44.8.2118-2125.2000?url_ver=Z39.88-2003&rfr_id=ori:rid:crossref.org&rfr_dat=cr_pub%20%200pubmed
https://journals.asm.org/doi/10.1128/AAC.45.1.319-323.2001"
MEG_3993,Drugs,MLS,Macrolide-resistant_23S_rRNA_mutation,MLS23S,Literature,"https://www.sciencedirect.com/science/article/abs/pii/S0732889398000133?via%3Dihub
https://www.ncbi.nlm.nih.gov/pmc/articles/PMC5184217/"
MEG_4057,Drugs,Lipopeptides,Daptomycin-resistant_mutant,MPRFD,CARD,
MEG_4087,Multi-compound,Drug_and_biocide_resistance,Drug_and_biocide_MFS_efflux_regulator,MTRR,Literature,https://pubmed.ncbi.nlm.nih.gov/18761689/
MEG_4088,Multi-compound,Drug_and_biocide_resistance,Drug_and_biocide_MFS_efflux_regulator,MTRR,CARD,
MEG_4092,Drugs,Fosfomycin,Fosfomycin_target_mutation,MURA,CARD,
MEG_4093,Drugs,Fosfomycin,Fosfomycin_target_mutation,MURA,Literature,https://pubmed.ncbi.nlm.nih.gov/12562791/
MEG_4094,Drugs,Fosfomycin,Fosfomycin_target_mutation,MURA,CARD,
MEG_4095,Drugs,Fosfomycin,Fosfomycin_target_mutation,MURA,CARD,
MEG_4096,Drugs,Fosfomycin,Fosfomycin_target_mutation,MURA,CARD,
MEG_4097,Drugs,Glycopeptides,Vancomycin-resistant_mutation,MURG,CARD,
MEG_4109,Drugs,Multi-drug_resistance,Multi-drug_RND_efflux_pumps,NALC,Literature,https://card.mcmaster.ca/ontology/37198
MEG_4110,Drugs,Multi-drug_resistance,Multi-drug_RND_efflux_regulator,NALD,Literature,https://pubmed.ncbi.nlm.nih.gov/15855496/
MEG_4130,Drugs,Mycobacterium_tuberculosis-specific_Drug,Isoniazid-resistant_mutant,NDH,CARD,
MEG_4131,Drugs,Mycobacterium_tuberculosis-specific_Drug,Isoniazid-resistant_mutant,NDH,CARD,
MEG_4132,Drugs,Mycobacterium_tuberculosis-specific_Drug,Isoniazid-resistant_mutant,NDH,CARD,
MEG_4161,Drugs,Multi-drug_resistance,Multi-drug_RND_efflux_pumps,NFXB,Literature,"https://www.ncbi.nlm.nih.gov/pmc/articles/PMC2687204/
https://beta.pseudomonas.com/feature/show?id=112048
https://www.ncbi.nlm.nih.gov/pmc/articles/PMC89751/?report=reader
https://card.mcmaster.ca/ontology/41127
https://card.mcmaster.ca/ontology/41125"
MEG_4223,Drugs,Oxazolidinone,Oxazolidinone-resistant_23S_rRNA_mutation,O23S,Literature,https://pubmed.ncbi.nlm.nih.gov/27727405/
MEG_4279,Drugs,betalactams,Mutant_porin_proteins,OMP36,Literature,https://pubmed.ncbi.nlm.nih.gov/15081418/ (Same 4 below)
MEG_4280,Drugs,betalactams,Mutant_porin_proteins,OMP36,Literature,https://pubmed.ncbi.nlm.nih.gov/15081418/
MEG_4281,Drugs,betalactams,Mutant_porin_proteins,OMP36,Literature,https://pubmed.ncbi.nlm.nih.gov/15081418/
MEG_4282,Drugs,betalactams,Mutant_porin_proteins,OMP36,Literature,https://pubmed.ncbi.nlm.nih.gov/15081418/
MEG_4289,Drugs,betalactams,Mutant_porin_proteins,OMPFB,CARD,
MEG_4296,Drugs,betalactams,Mutant_porin_proteins,OPRD,CARD,
MEG_5322,Drugs,Pactamycin,Pactamycin-resistant_16S_ribosomal_subunit_protein,P16S,Literature,https://mankin-vazquez.lab.uic.edu/html/publications/1997-JMolBiol-274-8-15.pdf
MEG_5323,Drugs,Pleuromutilin,Pleuromutilin-resistant_23S_rRNA_mutation,P23S,Literature,"https://pubmed.ncbi.nlm.nih.gov/20487023/
https://onlinelibrary.wiley.com/doi/10.1111/j.1365-2958.2009.06596.x"
MEG_5325,Drugs,Fluoroquinolones,Fluoroquinolone-resistant_DNA_topoisomerases,PARC,CARD,
MEG_5326,Drugs,Fluoroquinolones,Fluoroquinolone-resistant_DNA_topoisomerases,PARC,CARD,
MEG_5327,Drugs,Fluoroquinolones,Fluoroquinolone-resistant_DNA_topoisomerases,PARC,CARD,
MEG_5328,Drugs,Fluoroquinolones,Fluoroquinolone-resistant_DNA_topoisomerases,PARC,CARD,
MEG_5329,Drugs,Fluoroquinolones,Fluoroquinolone-resistant_DNA_topoisomerases,PARC,CARD,
MEG_5330,Drugs,Fluoroquinolones,Fluoroquinolone-resistant_DNA_topoisomerases,PARC,CARD,
MEG_5331,Drugs,Fluoroquinolones,Fluoroquinolone-resistant_DNA_topoisomerases,PARC,CARD,
MEG_5332,Drugs,Fluoroquinolones,Fluoroquinolone-resistant_DNA_topoisomerases,PARC,CARD,
MEG_5333,Drugs,Fluoroquinolones,Fluoroquinolone-resistant_DNA_topoisomerases,PARC,CARD,
MEG_5334,Drugs,Fluoroquinolones,Fluoroquinolone-resistant_DNA_topoisomerases,PARC,MetaMARC,
MEG_5335,Drugs,Fluoroquinolones,Fluoroquinolone-resistant_DNA_topoisomerases,PARC,MetaMARC,
MEG_5336,Drugs,Fluoroquinolones,Fluoroquinolone-resistant_DNA_topoisomerases,PARC,MetaMARC,
MEG_5337,Drugs,Fluoroquinolones,Fluoroquinolone-resistant_DNA_topoisomerases,PARC,MetaMARC,
MEG_5339,Drugs,Fluoroquinolones,Fluoroquinolone-resistant_DNA_topoisomerases,PARC,Literature,https://www.ncbi.nlm.nih.gov/pmc/articles/PMC4494058/
MEG_5340,Drugs,Fluoroquinolones,Fluoroquinolone-resistant_DNA_topoisomerases,PARC,MetaMARC,
MEG_5341,Drugs,Fluoroquinolones,Fluoroquinolone-resistant_DNA_topoisomerases,PARC,Literature,"https://academic.oup.com/femsle/article/231/1/73/510064?login=false
https://www.dovepress.com/co-incidence-of-type-ii-topoisomerase-mutations-and-efflux-expression--peer-reviewed-fulltext-article-IDR"
MEG_5342,Drugs,Fluoroquinolones,Fluoroquinolone-resistant_DNA_topoisomerases,PARC,MetaMARC,
MEG_5343,Drugs,Fluoroquinolones,Fluoroquinolone-resistant_DNA_topoisomerases,PARC,Literature,"https://www.ncbi.nlm.nih.gov/pmc/articles/PMC89232/
https://journals.asm.org/doi/full/10.1128/AAC.43.10.2513"
MEG_5344,Drugs,Fluoroquinolones,Fluoroquinolone-resistant_DNA_topoisomerases,PARC,MetaMARC,
MEG_5345,Drugs,Fluoroquinolones,Fluoroquinolone-resistant_DNA_topoisomerases,PARC,MetaMARC,
MEG_5346,Drugs,Fluoroquinolones,Fluoroquinolone-resistant_DNA_topoisomerases,PARC,Literature,"https://www.ncbi.nlm.nih.gov/pmc/articles/PMC6403068/
https://www.ncbi.nlm.nih.gov/pmc/articles/PMC7501041/"
MEG_5347,Drugs,Fluoroquinolones,Fluoroquinolone-resistant_DNA_topoisomerases,PARC,MetaMARC,
MEG_5348,Drugs,Fluoroquinolones,Fluoroquinolone-resistant_DNA_topoisomerases,PARC,MetaMARC,
MEG_5350,Drugs,Fluoroquinolones,Fluoroquinolone-resistant_DNA_topoisomerases,PARC,MetaMARC,
MEG_5351,Drugs,Fluoroquinolones,Fluoroquinolone-resistant_DNA_topoisomerases,PARC,Literature,"https://journals.asm.org/doi/full/10.1128/AAC.01494-19
https://www.ncbi.nlm.nih.gov/pmc/articles/PMC6985708/"
MEG_5352,Drugs,Fluoroquinolones,Fluoroquinolone-resistant_DNA_topoisomerases,PARC,MetaMARC,
MEG_5353,Drugs,Fluoroquinolones,Fluoroquinolone-resistant_DNA_topoisomerases,PARC,MetaMARC,
MEG_5354,Drugs,Fluoroquinolones,Fluoroquinolone-resistant_DNA_topoisomerases,PARC,MetaMARC,
MEG_5355,Drugs,Fluoroquinolones,Fluoroquinolone-resistant_DNA_topoisomerases,PARC,MetaMARC,
MEG_5356,Drugs,Fluoroquinolones,Fluoroquinolone-resistant_DNA_topoisomerases,PARC,MetaMARC,
MEG_5357,Drugs,Fluoroquinolones,Fluoroquinolone-resistant_DNA_topoisomerases,PARC,Literature,"https://pubmed.ncbi.nlm.nih.gov/22821356/
https://pubmed.ncbi.nlm.nih.gov/11451683/
https://www.ncbi.nlm.nih.gov/pmc/articles/PMC6243147/
https://www.dovepress.com/mutations-in-the-gyra-parc-and-mexr-genes-provide-functional-insights--peer-reviewed-fulltext-article-IDR"
MEG_5358,Drugs,Fluoroquinolones,Fluoroquinolone-resistant_DNA_topoisomerases,PARC,MetaMARC,
MEG_5359,Drugs,Fluoroquinolones,Fluoroquinolone-resistant_DNA_topoisomerases,PARC,MetaMARC,
MEG_5361,Drugs,Fluoroquinolones,Fluoroquinolone-resistant_DNA_topoisomerases,PARC,MetaMARC,
MEG_5362,Drugs,Fluoroquinolones,Fluoroquinolone-resistant_DNA_topoisomerases,PARC,MetaMARC,
MEG_5363,Drugs,Fluoroquinolones,Fluoroquinolone-resistant_DNA_topoisomerases,PARC,MetaMARC,
MEG_5365,Drugs,Aminocoumarins,Aminocoumarin-resistant_DNA_topoisomerases,PARE,MetaMARC,
MEG_5366,Drugs,Aminocoumarins,Aminocoumarin-resistant_DNA_topoisomerases,PARE,MetaMARC,
MEG_5367,Drugs,Aminocoumarins,Aminocoumarin-resistant_DNA_topoisomerases,PARE,MetaMARC,
MEG_5368,Drugs,Aminocoumarins,Aminocoumarin-resistant_DNA_topoisomerases,PARE,MetaMARC,
MEG_5369,Drugs,Aminocoumarins,Aminocoumarin-resistant_DNA_topoisomerases,PARE,MetaMARC,
MEG_5372,Drugs,Aminocoumarins,Aminocoumarin-resistant_DNA_topoisomerases,PARE,MetaMARC,
MEG_5374,Drugs,Aminocoumarins,Aminocoumarin-resistant_DNA_topoisomerases,PARE,MetaMARC,
MEG_5376,Drugs,Aminocoumarins,Aminocoumarin-resistant_DNA_topoisomerases,PARE,MetaMARC,
MEG_5379,Drugs,Aminocoumarins,Aminocoumarin-resistant_DNA_topoisomerases,PARE,MetaMARC,
MEG_5381,Drugs,Aminocoumarins,Aminocoumarin-resistant_DNA_topoisomerases,PARE,MetaMARC,
MEG_5382,Drugs,Aminocoumarins,Aminocoumarin-resistant_DNA_topoisomerases,PARE,MetaMARC,
MEG_5383,Drugs,Aminocoumarins,Aminocoumarin-resistant_DNA_topoisomerases,PARE,MetaMARC,
MEG_5384,Drugs,Aminocoumarins,Aminocoumarin-resistant_DNA_topoisomerases,PARE,MetaMARC,
MEG_5385,Drugs,Aminocoumarins,Aminocoumarin-resistant_DNA_topoisomerases,PARE,MetaMARC,
MEG_5387,Drugs,Aminocoumarins,Aminocoumarin-resistant_DNA_topoisomerases,PARE,MetaMARC,
MEG_5388,Drugs,Aminocoumarins,Aminocoumarin-resistant_DNA_topoisomerases,PARE,MetaMARC,
MEG_5390,Drugs,Aminocoumarins,Aminocoumarin-resistant_DNA_topoisomerases,PARE,MetaMARC,
MEG_5391,Drugs,Aminocoumarins,Aminocoumarin-resistant_DNA_topoisomerases,PARE,MetaMARC,
MEG_5393,Drugs,Aminocoumarins,Aminocoumarin-resistant_DNA_topoisomerases,PARE,MetaMARC,
MEG_5394,Drugs,Fluoroquinolones,Fluoroquinolone-resistant_DNA_topoisomerases,PAREF,CARD,
MEG_5395,Drugs,Fluoroquinolones,Fluoroquinolone-resistant_DNA_topoisomerases,PAREF,CARD,
MEG_5399,Drugs,betalactams,Penicillin_binding_protein,PBP1A,CARD,
MEG_5401,Drugs,betalactams,Penicillin_binding_protein,PBP2,CARD,
MEG_5406,Drugs,betalactams,Penicillin_binding_protein,PBP2B,CARD,
MEG_5407,Drugs,betalactams,Penicillin_binding_protein,PBP2X,CARD,
MEG_5408,Drugs,betalactams,Penicillin_binding_protein,PBP3,CARD,
MEG_5779,Drugs,Lipopeptides,Daptomycin-resistant_mutant,PGSA,CARD,
MEG_5780,Drugs,Lipopeptides,Daptomycin-resistant_mutant,PGSA,CARD,
MEG_5781,Drugs,Phenicol,Phenicol-resistant_23S_rRNA_mutation,PH23S,Literature,https://www.ncbi.nlm.nih.gov/pmc/articles/PMC207972/
MEG_5783,Multi-compound,Drug_and_biocide_resistance,Drug_and_biocide_ABC_efflux_regulator,PHOB,CARD,
MEG_5785,Drugs,Lipopeptides,Colistin-resistant_mutant,PHOQ,CARD,
MEG_5803,Drugs,Mycobacterium_tuberculosis-specific_Drug,Pyrazinamide-resistant_mutant,PNCA,CARD,
MEG_5808,Drugs,Multi-drug_resistance,MDR_mutant_porin_proteins,POR,CARD,
MEG_5819,Drugs,Fosfomycin,Fosfomycin_target_mutation,PTSL,CARD,
MEG_6045,Drugs,Multi-drug_resistance,Multi-drug_RND_efflux_regulator,RAMR,CARD,
MEG_6046,Drugs,Multi-drug_resistance,Multi-drug_RND_efflux_regulator,RAMR,CARD,
MEG_6055,Drugs,Mycobacterium_tuberculosis-specific_Drug,Para-aminosalicylic_acid_resistant_mutant,RIBD,CARD,
MEG_6090,Drugs,Rifampin,Rifampin-resistant_beta-subunit_of_RNA_polymerase_RpoB,RPOB,CARD,
MEG_6091,Drugs,Rifampin,Rifampin-resistant_beta-subunit_of_RNA_polymerase_RpoB,RPOB,CARD,
MEG_6092,Drugs,Rifampin,Rifampin-resistant_beta-subunit_of_RNA_polymerase_RpoB,RPOB,Literature,https://www.ncbi.nlm.nih.gov/pmc/articles/PMC1426977/
MEG_6094,Drugs,Rifampin,Rifampin-resistant_beta-subunit_of_RNA_polymerase_RpoB,RPOB,CARD,
MEG_6095,Drugs,Rifampin,Rifampin-resistant_beta-subunit_of_RNA_polymerase_RpoB,RPOB,CARD,
MEG_6097,Drugs,Rifampin,Rifampin-resistant_beta-subunit_of_RNA_polymerase_RpoB,RPOB,MetaMARC,
MEG_6098,Drugs,Rifampin,Rifampin-resistant_beta-subunit_of_RNA_polymerase_RpoB,RPOB,MetaMARC,
MEG_6099,Drugs,Rifampin,Rifampin-resistant_beta-subunit_of_RNA_polymerase_RpoB,RPOB,MetaMARC,
MEG_6100,Drugs,Rifampin,Rifampin-resistant_beta-subunit_of_RNA_polymerase_RpoB,RPOB,MetaMARC,
MEG_6101,Drugs,Rifampin,Rifampin-resistant_beta-subunit_of_RNA_polymerase_RpoB,RPOB,MetaMARC,
MEG_6105,Drugs,Rifampin,Rifampin-resistant_beta-subunit_of_RNA_polymerase_RpoB,RPOB,MetaMARC,
MEG_6106,Drugs,Rifampin,Rifampin-resistant_beta-subunit_of_RNA_polymerase_RpoB,RPOB,MetaMARC,
MEG_6107,Drugs,Rifampin,Rifampin-resistant_beta-subunit_of_RNA_polymerase_RpoB,RPOB,MetaMARC,
MEG_6108,Drugs,Rifampin,Rifampin-resistant_beta-subunit_of_RNA_polymerase_RpoB,RPOB,MetaMARC,
MEG_6109,Drugs,Rifampin,Rifampin-resistant_beta-subunit_of_RNA_polymerase_RpoB,RPOB,MetaMARC,
MEG_6110,Drugs,Rifampin,Rifampin-resistant_beta-subunit_of_RNA_polymerase_RpoB,RPOB,MetaMARC,
MEG_6111,Drugs,Rifampin,Rifampin-resistant_beta-subunit_of_RNA_polymerase_RpoB,RPOB,MetaMARC,
MEG_6112,Drugs,Rifampin,Rifampin-resistant_beta-subunit_of_RNA_polymerase_RpoB,RPOB,MetaMARC,
MEG_6114,Drugs,Rifampin,Rifampin-resistant_beta-subunit_of_RNA_polymerase_RpoB,RPOB,MetaMARC,
MEG_6115,Drugs,Rifampin,Rifampin-resistant_beta-subunit_of_RNA_polymerase_RpoB,RPOB,MetaMARC,
MEG_6117,Drugs,Rifampin,Rifampin-resistant_beta-subunit_of_RNA_polymerase_RpoB,RPOB,MetaMARC,
MEG_6118,Drugs,Rifampin,Rifampin-resistant_beta-subunit_of_RNA_polymerase_RpoB,RPOB,MetaMARC,
MEG_6120,Drugs,Rifampin,Rifampin-resistant_beta-subunit_of_RNA_polymerase_RpoB,RPOB,Literature,"https://www.ncbi.nlm.nih.gov/pmc/articles/PMC3233014/
https://www.ncbi.nlm.nih.gov/pmc/articles/PMC3486587/"
MEG_6121,Drugs,Rifampin,Rifampin-resistant_beta-subunit_of_RNA_polymerase_RpoB,RPOB,MetaMARC,
MEG_6122,Drugs,Rifampin,Rifampin-resistant_beta-subunit_of_RNA_polymerase_RpoB,RPOB,MetaMARC,
MEG_6123,Drugs,Rifampin,Rifampin-resistant_beta-subunit_of_RNA_polymerase_RpoB,RPOB,MetaMARC,
MEG_6124,Drugs,Rifampin,Rifampin-resistant_beta-subunit_of_RNA_polymerase_RpoB,RPOB,MetaMARC,
MEG_6125,Drugs,Rifampin,Rifampin-resistant_beta-subunit_of_RNA_polymerase_RpoB,RPOB,MetaMARC,
MEG_6126,Drugs,Rifampin,Rifampin-resistant_beta-subunit_of_RNA_polymerase_RpoB,RPOB,MetaMARC,
MEG_6128,Drugs,Rifampin,Rifampin-resistant_beta-subunit_of_RNA_polymerase_RpoB,RPOB,MetaMARC,
MEG_6130,Drugs,Rifampin,Rifampin-resistant_beta-subunit_of_RNA_polymerase_RpoB,RPOB,MetaMARC,
MEG_6131,Drugs,Rifampin,Rifampin-resistant_beta-subunit_of_RNA_polymerase_RpoB,RPOB,MetaMARC,
MEG_6132,Drugs,Rifampin,Rifampin-resistant_beta-subunit_of_RNA_polymerase_RpoB,RPOB,MetaMARC,
MEG_6133,Drugs,Rifampin,Rifampin-resistant_beta-subunit_of_RNA_polymerase_RpoB,RPOB,MetaMARC,
MEG_6134,Drugs,Rifampin,Rifampin-resistant_beta-subunit_of_RNA_polymerase_RpoB,RPOB,MetaMARC,
MEG_6135,Drugs,Rifampin,Rifampin-resistant_beta-subunit_of_RNA_polymerase_RpoB,RPOB,MetaMARC,
MEG_6136,Drugs,Multi-drug_resistance,MDR_mutation,MRPOB,CARD,
MEG_6138,Drugs,Glycopeptides,Vancomycin-resistant_mutation,RPOC,CARD,
MEG_6139,Drugs,Lipopeptides,Daptomycin-resistant_beta-subunit_of_RNA_polymerase_RpoC,RPOCL,CARD,
MEG_6142,Drugs,Mycobacterium_tuberculosis-specific_Drug,Pyrazinamide-resistant_mutant,RPSA,CARD,
MEG_6143,Drugs,Tetracyclines,Tetracycline_resistance_ribosomal_protection_proteins,RPSJ,CARD,
MEG_6144,Drugs,Aminoglycosides,Aminoglycoside-resistant_30S_ribosomal_protein_S12,RPSL,CARD,
MEG_6145,Drugs,Aminoglycosides,Aminoglycoside-resistant_16S_ribosomal_subunit_protein,RRSA,Literature,"https://www.ncbi.nlm.nih.gov/pmc/articles/PMC179326/
https://www.ncbi.nlm.nih.gov/pmc/articles/PMC3133489/"
MEG_6146,Drugs,Aminoglycosides,Aminoglycoside-resistant_16S_ribosomal_subunit_protein,RRSC,Literature,"https://pubmed.ncbi.nlm.nih.gov/10512710/
https://journals.asm.org/doi/full/10.1128/AAC.00873-08
https://card.mcmaster.ca/ontology/39917"
MEG_6147,Drugs,Aminoglycosides,Aminoglycoside-resistant_16S_ribosomal_subunit_protein,RRSH,Literature,https://pubmed.ncbi.nlm.nih.gov/6330677/
MEG_6548,Multi-compound,Drug_and_biocide_resistance,Drug_and_biocide_ABC_efflux_regulator,SOXR,CARD,
MEG_6552,Multi-compound,Drug_and_biocide_and_metal_resistance,Drug_and_biocide_and_metal_resistance_regulator,SOXS,CARD,
MEG_6963,Drugs,Tetracyclines,Tetracycline-resistant_16S_ribosomal_subunit_protein,TET16S,Literature,"https://journals.asm.org/doi/10.1128/AAC.46.9.2996-3000.2002?url_ver=Z39.88-2003&rfr_id=ori:rid:crossref.org&rfr_dat=cr_pub%20%200pubmed
https://pubmed.ncbi.nlm.nih.gov/12435699/
https://pubmed.ncbi.nlm.nih.gov/20035020/
https://www.ncbi.nlm.nih.gov/pmc/articles/PMC134973/"
MEG_6964,Drugs,Tetracyclines,Tetracycline-resistant_16S_ribosomal_subunit_protein,TET16S,Literature,https://journals.asm.org/doi/10.1128/AAC.42.7.1702?url_ver=Z39.88-2003&rfr_id=ori:rid:crossref.org&rfr_dat=cr_pub%20%200pubmed
MEG_7196,Drugs,Tetracyclines,Tetracycline_resistance_MFS_efflux_regulator,TETRM,Literature,https://www.sciencedirect.com/science/article/abs/pii/0022283688901209?via%3Dihub
MEG_7250,Drugs,Mycobacterium_tuberculosis-specific_Drug,Para-aminosalicylic_acid_resistant_mutant,THYA,CARD,
MEG_7258,Drugs,Aminoglycosides,Aminoglycoside-resistant_arabinosyltransferase,TLYA,CARD,
MEG_7259,Drugs,Rifampin,Rifamycin-resistant_arabinosyltransferase,REMB,CARD,
MEG_7301,Drugs,Elfamycins,EF-Tu_inhibition,TUFAB,CARD,
MEG_7302,Drugs,Elfamycins,EF-Tu_inhibition,TUFAB,CARD,
MEG_7304,Drugs,Elfamycins,EF-Tu_inhibition,TUFAB,CARD,
MEG_7305,Drugs,Elfamycins,EF-Tu_inhibition,TUFAB,CARD,
MEG_7306,Drugs,Elfamycins,EF-Tu_inhibition,TUFAB,CARD,
MEG_7308,Drugs,Elfamycins,EF-Tu_inhibition,TUFAB,MetaMARC,
MEG_7309,Drugs,Elfamycins,EF-Tu_inhibition,TUFAB,MetaMARC,
MEG_7310,Drugs,Elfamycins,EF-Tu_inhibition,TUFAB,MetaMARC,
MEG_7312,Drugs,Elfamycins,EF-Tu_inhibition,TUFAB,MetaMARC,
MEG_7313,Drugs,Elfamycins,EF-Tu_inhibition,TUFAB,MetaMARC,
MEG_7314,Drugs,Elfamycins,EF-Tu_inhibition,TUFAB,MetaMARC,
MEG_7315,Drugs,Elfamycins,EF-Tu_inhibition,TUFAB,MetaMARC,
MEG_7316,Drugs,Elfamycins,EF-Tu_inhibition,TUFAB,MetaMARC,
MEG_7317,Drugs,Elfamycins,EF-Tu_inhibition,TUFAB,MetaMARC,
MEG_7318,Drugs,Elfamycins,EF-Tu_inhibition,TUFAB,MetaMARC,
MEG_7319,Drugs,Elfamycins,EF-Tu_inhibition,TUFAB,MetaMARC,
MEG_7320,Drugs,Elfamycins,EF-Tu_inhibition,TUFAB,MetaMARC,
MEG_7321,Drugs,Elfamycins,EF-Tu_inhibition,TUFAB,MetaMARC,
MEG_7329,Drugs,Fosfomycin,Fosfomycin_target_mutation,UHPT,CARD,
MEG_7330,Drugs,Fosfomycin,Fosfomycin_target_mutation,UHPT,CARD,
MEG_7333,Drugs,Glycopeptides,VanA-type_resistance_protein,VAN,CARD,
MEG_7806,Drugs,Lipopeptides,Daptomycin-resistant_mutant,WALK,CARD,
MEG_7843,Drugs,Lipopeptides,Daptomycin-resistant_mutant,YYBT,CARD,